Protein	Protein ID	Entry Name	Gene	Protein Length	Organism	Protein Existence	Description	Protein Probability	Top Peptide Probability	Combined Total Peptides	Combined Spectral Count	Combined Unique Spectral Count	Combined Total Spectral Count	control_6_1 Spectral Count	control_6_1 Unique Spectral Count	control_6_1 Total Spectral Count	control_6_1 Intensity	Indistinguishable Proteins
contam_sp|P00004|CYC_HORSE	P00004	CYC_HORSE	CYCS	105	Equus caballus	1:Experimental evidence at protein level	Cytochrome c	0.8232	0.9887	1	1	0	1	1	0	1	696852.94	sp|P99999|CYC_HUMAN
contam_sp|P00761|TRYP_PIG	P00761	TRYP_PIG		231	Sus scrofa	1:Experimental evidence at protein level	Trypsin	1.0	0.999	4	7	7	7	7	7	7	9.1900742E8	
contam_sp|P00767|CTRB_BOVIN	P00767	CTRB_BOVIN		245	Bos taurus	1:Experimental evidence at protein level	Chymotrypsinogen B	0.5755	0.9621	1	1	1	1	1	1	1	381313.3	
contam_sp|P15241|K2M2_SHEEP	P15241	K2M2_SHEEP		491	Ovis aries	1:Experimental evidence at protein level	Keratin, type II microfibrillar, component 7C	0.9243	0.969	1	1	0	1	1	0	1	893630.2	contam_sp|P25691|K2M3_SHEEP, sp|O43790|KRT86_HUMAN, sp|P78385|KRT83_HUMAN, sp|P78386|KRT85_HUMAN, sp|Q14533|KRT81_HUMAN
sp|A0A075B6H7|KV37_HUMAN	A0A075B6H7	KV37_HUMAN	IGKV3-7	116	Homo sapiens	1:Experimental evidence at protein level	Probable non-functional immunoglobulin kappa variable 3-7	0.9666	0.9291	1	1	0	1	1	0	1	1.1574984E7	
sp|A0A075B6H9|LV469_HUMAN	A0A075B6H9	LV469_HUMAN	IGLV4-69	119	Homo sapiens	1:Experimental evidence at protein level	Immunoglobulin lambda variable 4-69	0.9551	0.9975	1	1	1	1	1	1	1	1533208.2	
sp|A0A075B6I0|LV861_HUMAN	A0A075B6I0	LV861_HUMAN	IGLV8-61	122	Homo sapiens	1:Experimental evidence at protein level	Immunoglobulin lambda variable 8-61	0.9619	0.9979	1	1	1	1	1	1	1	3451723.2	
sp|A0A075B6I9|LV746_HUMAN	A0A075B6I9	LV746_HUMAN	IGLV7-46	117	Homo sapiens	1:Experimental evidence at protein level	Immunoglobulin lambda variable 7-46	1.0	0.9968	2	2	0	2	2	0	2	7218005.0	sp|P04211|LV743_HUMAN
sp|A0A075B6K5|LV39_HUMAN	A0A075B6K5	LV39_HUMAN	IGLV3-9	115	Homo sapiens	1:Experimental evidence at protein level	Immunoglobulin lambda variable 3-9	0.9814	0.999	1	1	0	1	1	0	1	7547612.5	sp|P80748|LV321_HUMAN
sp|A0A075B6P5|KV228_HUMAN	A0A075B6P5	KV228_HUMAN	IGKV2-28	120	Homo sapiens	3:Protein inferred from homology	Immunoglobulin kappa variable 2-28	0.9997	0.999	2	2	0	2	2	0	2	2.0243654E7	sp|P01615|KVD28_HUMAN
sp|A0A075B6R2|HV404_HUMAN	A0A075B6R2	HV404_HUMAN	IGHV4-4	117	Homo sapiens	1:Experimental evidence at protein level	Immunoglobulin heavy variable 4-4	0.6668	0.974	1	1	1	1	1	1	1	944123.25	
sp|A0A075B6R9|KVD24_HUMAN	A0A075B6R9	KVD24_HUMAN	IGKV2D-24	120	Homo sapiens	1:Experimental evidence at protein level	Probable non-functional immunoglobulin kappa variable 2D-24	1.0	0.999	3	3	0	3	3	0	3	1.1122333E7	sp|A0A0C4DH68|KV224_HUMAN
sp|A0A075B6S5|KV127_HUMAN	A0A075B6S5	KV127_HUMAN	IGKV1-27	117	Homo sapiens	1:Experimental evidence at protein level	Immunoglobulin kappa variable 1-27	0.9816	0.999	1	1	0	1	1	0	1	2399159.5	sp|A0A0C4DH67|KV108_HUMAN, sp|A0A0C4DH69|KV109_HUMAN
sp|A0A087WSY6|KVD15_HUMAN	A0A087WSY6	KVD15_HUMAN	IGKV3D-15	115	Homo sapiens	1:Experimental evidence at protein level	Immunoglobulin kappa variable 3D-15	0.9998	0.999	2	2	1	2	2	1	2	2869380.2	
sp|A0A0A0MRZ8|KVD11_HUMAN	A0A0A0MRZ8	KVD11_HUMAN	IGKV3D-11	115	Homo sapiens	3:Protein inferred from homology	Immunoglobulin kappa variable 3D-11	1.0	0.9982	2	2	0	2	2	0	2	1.2022042E7	sp|P04433|KV311_HUMAN
sp|A0A0A0MS15|HV349_HUMAN	A0A0A0MS15	HV349_HUMAN	IGHV3-49	119	Homo sapiens	1:Experimental evidence at protein level	Immunoglobulin heavy variable 3-49	1.0	0.9969	2	2	2	2	2	2	2	4473246.0	
sp|A0A0A0MT89|KJ01_HUMAN	A0A0A0MT89	KJ01_HUMAN	IGKJ1	12	Homo sapiens	4:Protein predicted	Immunoglobulin kappa joining 1	0.7648	0.9839	1	1	1	1	1	1	1	1235116.1	
sp|A0A0B4J1U3|LV136_HUMAN	A0A0B4J1U3	LV136_HUMAN	IGLV1-36	117	Homo sapiens	1:Experimental evidence at protein level	Immunoglobulin lambda variable 1-36	0.9771	0.9988	1	1	1	1	1	1	1	641161.06	
sp|A0A0B4J1U7|HV601_HUMAN	A0A0B4J1U7	HV601_HUMAN	IGHV6-1	121	Homo sapiens	1:Experimental evidence at protein level	Immunoglobulin heavy variable 6-1	0.4217	0.9318	1	1	1	1	1	1	1	9098696.0	
sp|A0A0B4J1V0|HV315_HUMAN	A0A0B4J1V0	HV315_HUMAN	IGHV3-15	119	Homo sapiens	1:Experimental evidence at protein level	Immunoglobulin heavy variable 3-15	1.0	0.9967	2	3	3	3	3	3	3	4.1399788E7	
sp|A0A0B4J2D9|KVD13_HUMAN	A0A0B4J2D9	KVD13_HUMAN	IGKV1D-13	117	Homo sapiens	3:Protein inferred from homology	Immunoglobulin kappa variable 1D-13	0.9816	0.999	1	1	0	1	1	0	1	1949019.8	sp|P0DP09|KV113_HUMAN
sp|A0A0C4DH25|KVD20_HUMAN	A0A0C4DH25	KVD20_HUMAN	IGKV3D-20	116	Homo sapiens	1:Experimental evidence at protein level	Immunoglobulin kappa variable 3D-20	0.9695	0.9942	2	1	1	2	1	1	2	2417204.2	
sp|A0A0C4DH31|HV118_HUMAN	A0A0C4DH31	HV118_HUMAN	IGHV1-18	117	Homo sapiens	1:Experimental evidence at protein level	Immunoglobulin heavy variable 1-18	0.4286	0.9336	1	1	1	1	1	1	1	702458.0	
sp|A0A0C4DH34|HV428_HUMAN	A0A0C4DH34	HV428_HUMAN	IGHV4-28	117	Homo sapiens	1:Experimental evidence at protein level	Immunoglobulin heavy variable 4-28	0.8992	0.9941	1	1	1	1	1	1	1	1625963.9	
sp|A0A0C4DH36|HV338_HUMAN	A0A0C4DH36	HV338_HUMAN	IGHV3-38	116	Homo sapiens	1:Experimental evidence at protein level	Probable non-functional immunoglobulin heavy variable 3-38	0.9548	0.9975	1	1	1	1	1	1	1	854264.7	
sp|A0A0C4DH38|HV551_HUMAN	A0A0C4DH38	HV551_HUMAN	IGHV5-51	117	Homo sapiens	1:Experimental evidence at protein level	Immunoglobulin heavy variable 5-51	1.0	0.9989	4	4	3	4	4	3	4	5934541.0	
sp|A0A0C4DH41|HV461_HUMAN	A0A0C4DH41	HV461_HUMAN	IGHV4-61	118	Homo sapiens	1:Experimental evidence at protein level	Immunoglobulin heavy variable 4-61	1.0	0.9989	2	2	0	2	2	0	2	1.0962491E7	sp|P01824|HV439_HUMAN, sp|P01825|HV459_HUMAN, sp|P06331|HV434_HUMAN, sp|P0DP06|HVD34_HUMAN, sp|P0DP08|HVD82_HUMAN
sp|A0A0C4DH72|KV106_HUMAN	A0A0C4DH72	KV106_HUMAN	IGKV1-6	117	Homo sapiens	1:Experimental evidence at protein level	Immunoglobulin kappa variable 1-6	0.9676	0.9982	1	1	0	1	1	0	1	2571307.5	sp|P01599|KV117_HUMAN
sp|A0A0J9YXX1|HV5X1_HUMAN	A0A0J9YXX1	HV5X1_HUMAN	IGHV5-10-1	117	Homo sapiens	1:Experimental evidence at protein level	Immunoglobulin heavy variable 5-10-1	0.9999	0.9788	3	2	2	3	2	2	3	3755945.5	
sp|A6NLU5|VTM2B_HUMAN	A6NLU5	VTM2B_HUMAN	VSTM2B	285	Homo sapiens	1:Experimental evidence at protein level	V-set and transmembrane domain-containing protein 2B	0.9804	0.9989	1	1	1	1	1	1	1	857467.25	
sp|B9A064|IGLL5_HUMAN	B9A064	IGLL5_HUMAN	IGLL5	214	Homo sapiens	1:Experimental evidence at protein level	Immunoglobulin lambda-like polypeptide 5	1.0	0.999	4	4	1	4	4	1	4	3.8732552E7	
sp|O00142|KITM_HUMAN	O00142	KITM_HUMAN	TK2	265	Homo sapiens	1:Experimental evidence at protein level	Thymidine kinase 2, mitochondrial	0.7416	0.9817	1	1	1	1	1	1	1	0.0	
sp|O00391|QSOX1_HUMAN	O00391	QSOX1_HUMAN	QSOX1	747	Homo sapiens	1:Experimental evidence at protein level	Sulfhydryl oxidase 1	0.9998	0.9863	1	1	1	1	1	1	1	683325.06	
sp|O00451|GFRA2_HUMAN	O00451	GFRA2_HUMAN	GFRA2	464	Homo sapiens	1:Experimental evidence at protein level	GDNF family receptor alpha-2	0.6567	0.9729	1	1	1	1	1	1	1	0.0	
sp|O00533|NCHL1_HUMAN	O00533	NCHL1_HUMAN	CHL1	1208	Homo sapiens	1:Experimental evidence at protein level	Neural cell adhesion molecule L1-like protein	1.0	0.999	13	13	13	13	13	13	13	8245728.5	
sp|O00584|RNT2_HUMAN	O00584	RNT2_HUMAN	RNASET2	256	Homo sapiens	1:Experimental evidence at protein level	Ribonuclease T2	1.0	0.9988	2	2	2	2	2	2	2	2144033.8	
sp|O14498|ISLR_HUMAN	O14498	ISLR_HUMAN	ISLR	428	Homo sapiens	1:Experimental evidence at protein level	Immunoglobulin superfamily containing leucine-rich repeat protein	0.409	0.9284	1	1	1	1	1	1	1	374678.38	
sp|O14594|NCAN_HUMAN	O14594	NCAN_HUMAN	NCAN	1321	Homo sapiens	1:Experimental evidence at protein level	Neurocan core protein	1.0	0.9989	7	7	7	7	7	7	7	2064706.8	
sp|O14791|APOL1_HUMAN	O14791	APOL1_HUMAN	APOL1	398	Homo sapiens	1:Experimental evidence at protein level	Apolipoprotein L1	0.4342	0.935	1	1	1	1	1	1	1	322203.75	
sp|O15240|VGF_HUMAN	O15240	VGF_HUMAN	VGF	615	Homo sapiens	1:Experimental evidence at protein level	Neurosecretory protein VGF	1.0	0.999	9	9	9	9	9	9	9	4658757.0	
sp|O15394|NCAM2_HUMAN	O15394	NCAM2_HUMAN	NCAM2	837	Homo sapiens	1:Experimental evidence at protein level	Neural cell adhesion molecule 2	1.0	0.999	5	5	5	5	5	5	5	3274353.0	
sp|O43405|COCH_HUMAN	O43405	COCH_HUMAN	COCH	550	Homo sapiens	1:Experimental evidence at protein level	Cochlin	0.8532	0.9909	1	1	1	1	1	1	1	894803.1	
sp|O43432|IF4G3_HUMAN	O43432	IF4G3_HUMAN	EIF4G3	1585	Homo sapiens	1:Experimental evidence at protein level	Eukaryotic translation initiation factor 4 gamma 3	0.8615	0.9915	1	1	1	1	1	1	1	0.0	
sp|O43451|MGA_HUMAN	O43451	MGA_HUMAN	MGAM	2753	Homo sapiens	1:Experimental evidence at protein level	Maltase-glucoamylase	0.4455	0.9377	1	1	1	1	1	1	1	0.0	
sp|O43493|TGON2_HUMAN	O43493	TGON2_HUMAN	TGOLN2	437	Homo sapiens	1:Experimental evidence at protein level	Trans-Golgi network integral membrane protein 2	1.0	0.9986	3	3	3	3	3	3	3	2021297.0	
sp|O43505|B4GA1_HUMAN	O43505	B4GA1_HUMAN	B4GAT1	415	Homo sapiens	1:Experimental evidence at protein level	Beta-1,4-glucuronyltransferase 1	1.0	0.999	11	13	13	13	13	13	13	3.0250624E7	
sp|O60237|MYPT2_HUMAN	O60237	MYPT2_HUMAN	PPP1R12B	982	Homo sapiens	1:Experimental evidence at protein level	Protein phosphatase 1 regulatory subunit 12B	0.8424	0.9901	1	1	1	1	1	1	1	335647.1	
sp|O60721|NCKX1_HUMAN	O60721	NCKX1_HUMAN	SLC24A1	1099	Homo sapiens	1:Experimental evidence at protein level	Sodium/potassium/calcium exchanger 1	0.3903	0.923	1	1	1	1	1	1	1	346899.84	
sp|O60814|H2B1K_HUMAN	O60814	H2B1K_HUMAN	H2BC12	126	Homo sapiens	1:Experimental evidence at protein level	Histone H2B type 1-K	1.0	0.9979	2	2	0	2	2	0	2	4085419.2	sp|P57053|H2BFS_HUMAN, sp|P58876|H2B1D_HUMAN, sp|P62807|H2B1C_HUMAN, sp|Q5QNW6|H2B2F_HUMAN, sp|Q93079|H2B1H_HUMAN, sp|Q99877|H2B1N_HUMAN, sp|Q99879|H2B1M_HUMAN, sp|Q99880|H2B1L_HUMAN
sp|O75015|FCG3B_HUMAN	O75015	FCG3B_HUMAN	FCGR3B	233	Homo sapiens	1:Experimental evidence at protein level	Low affinity immunoglobulin gamma Fc region receptor III-B	0.7897	0.986	1	1	0	1	1	0	1	277810.47	sp|P08637|FCG3A_HUMAN
sp|O75144|ICOSL_HUMAN	O75144	ICOSL_HUMAN	ICOSLG	302	Homo sapiens	1:Experimental evidence at protein level	ICOS ligand	0.9729	0.9985	1	1	1	1	1	1	1	658200.25	
sp|O75326|SEM7A_HUMAN	O75326	SEM7A_HUMAN	SEMA7A	666	Homo sapiens	1:Experimental evidence at protein level	Semaphorin-7A	1.0	0.9988	6	6	6	6	6	6	6	2454771.5	
sp|O75882|ATRN_HUMAN	O75882	ATRN_HUMAN	ATRN	1429	Homo sapiens	1:Experimental evidence at protein level	Attractin	0.5249	0.9539	1	1	1	1	1	1	1	437943.06	
sp|O94856|NFASC_HUMAN	O94856	NFASC_HUMAN	NFASC	1347	Homo sapiens	1:Experimental evidence at protein level	Neurofascin	1.0	0.9986	7	7	7	7	7	7	7	1699159.8	
sp|O94919|ENDD1_HUMAN	O94919	ENDD1_HUMAN	ENDOD1	500	Homo sapiens	1:Experimental evidence at protein level	Endonuclease domain-containing 1 protein	1.0	0.9978	2	2	2	2	2	2	2	1483631.6	
sp|O94985|CSTN1_HUMAN	O94985	CSTN1_HUMAN	CLSTN1	981	Homo sapiens	1:Experimental evidence at protein level	Calsyntenin-1	1.0	0.9986	9	10	10	10	10	10	10	1.2471821E7	
sp|O95158|NXPH4_HUMAN	O95158	NXPH4_HUMAN	NXPH4	308	Homo sapiens	1:Experimental evidence at protein level	Neurexophilin-4	0.8993	0.9941	1	1	1	1	1	1	1	274481.4	
sp|O95196|CSPG5_HUMAN	O95196	CSPG5_HUMAN	CSPG5	566	Homo sapiens	1:Experimental evidence at protein level	Chondroitin sulfate proteoglycan 5	0.4839	0.9461	1	1	1	1	1	1	1	545653.94	
sp|O95502|NPTXR_HUMAN	O95502	NPTXR_HUMAN	NPTXR	500	Homo sapiens	1:Experimental evidence at protein level	Neuronal pentraxin receptor	1.0	0.999	6	7	7	7	7	7	7	7227264.5	
sp|O95678|K2C75_HUMAN	O95678	K2C75_HUMAN	KRT75	551	Homo sapiens	1:Experimental evidence at protein level	Keratin, type II cytoskeletal 75	0.8298	0.9636	1	1	0	1	1	0	1	492695.03	sp|P05787|K2C8_HUMAN
sp|P00441|SODC_HUMAN	P00441	SODC_HUMAN	SOD1	154	Homo sapiens	1:Experimental evidence at protein level	Superoxide dismutase [Cu-Zn]	1.0	0.9939	2	2	2	2	2	2	2	2.6507996E7	
sp|P00450|CERU_HUMAN	P00450	CERU_HUMAN	CP	1065	Homo sapiens	1:Experimental evidence at protein level	Ceruloplasmin	1.0	0.999	26	31	31	31	31	31	31	3.0969542E7	
sp|P00734|THRB_HUMAN	P00734	THRB_HUMAN	F2	622	Homo sapiens	1:Experimental evidence at protein level	Prothrombin	1.0	0.9989	5	5	5	5	5	5	5	6205968.0	
sp|P00736|C1R_HUMAN	P00736	C1R_HUMAN	C1R	705	Homo sapiens	1:Experimental evidence at protein level	Complement C1r subcomponent	1.0	0.999	5	5	5	5	5	5	5	7184462.5	
sp|P00738|HPT_HUMAN	P00738	HPT_HUMAN	HP	406	Homo sapiens	1:Experimental evidence at protein level	Haptoglobin	1.0	0.999	16	18	9	18	18	9	18	1.01213144E8	
sp|P00742|FA10_HUMAN	P00742	FA10_HUMAN	F10	488	Homo sapiens	1:Experimental evidence at protein level	Coagulation factor X	0.3622	0.9141	1	1	1	1	1	1	1	0.0	
sp|P00746|CFAD_HUMAN	P00746	CFAD_HUMAN	CFD	253	Homo sapiens	1:Experimental evidence at protein level	Complement factor D	1.0	0.9965	2	2	2	2	2	2	2	1996221.1	
sp|P00747|PLMN_HUMAN	P00747	PLMN_HUMAN	PLG	810	Homo sapiens	1:Experimental evidence at protein level	Plasminogen	1.0	0.9989	9	10	8	10	10	8	10	1.4899014E7	
sp|P00748|FA12_HUMAN	P00748	FA12_HUMAN	F12	615	Homo sapiens	1:Experimental evidence at protein level	Coagulation factor XII	0.8859	0.9932	1	1	1	1	1	1	1	811467.8	
sp|P00751|CFAB_HUMAN	P00751	CFAB_HUMAN	CFB	764	Homo sapiens	1:Experimental evidence at protein level	Complement factor B	1.0	0.999	18	20	20	20	20	20	20	1.4569019E7	
sp|P01008|ANT3_HUMAN	P01008	ANT3_HUMAN	SERPINC1	464	Homo sapiens	1:Experimental evidence at protein level	Antithrombin-III	1.0	0.999	18	25	25	25	25	25	25	1.5871464E7	
sp|P01009|A1AT_HUMAN	P01009	A1AT_HUMAN	SERPINA1	418	Homo sapiens	1:Experimental evidence at protein level	Alpha-1-antitrypsin	1.0	0.999	32	51	50	51	51	50	51	4.62060992E8	
sp|P01011|AACT_HUMAN	P01011	AACT_HUMAN	SERPINA3	423	Homo sapiens	1:Experimental evidence at protein level	Alpha-1-antichymotrypsin	1.0	0.999	17	20	20	20	20	20	20	5.822604E7	
sp|P01019|ANGT_HUMAN	P01019	ANGT_HUMAN	AGT	476	Homo sapiens	1:Experimental evidence at protein level	Angiotensinogen	1.0	0.999	13	17	17	17	17	17	17	8.7682184E7	
sp|P01023|A2MG_HUMAN	P01023	A2MG_HUMAN	A2M	1474	Homo sapiens	1:Experimental evidence at protein level	Alpha-2-macroglobulin	1.0	0.999	44	59	52	59	59	52	59	3.8577948E7	
sp|P01024|CO3_HUMAN	P01024	CO3_HUMAN	C3	1663	Homo sapiens	1:Experimental evidence at protein level	Complement C3	1.0	0.999	80	105	105	105	105	105	105	5.8733264E7	
sp|P01031|CO5_HUMAN	P01031	CO5_HUMAN	C5	1676	Homo sapiens	1:Experimental evidence at protein level	Complement C5	1.0	0.9985	5	5	5	5	5	5	5	1069985.8	
sp|P01033|TIMP1_HUMAN	P01033	TIMP1_HUMAN	TIMP1	207	Homo sapiens	1:Experimental evidence at protein level	Metalloproteinase inhibitor 1	1.0	0.9989	2	2	2	2	2	2	2	3129684.5	
sp|P01034|CYTC_HUMAN	P01034	CYTC_HUMAN	CST3	146	Homo sapiens	1:Experimental evidence at protein level	Cystatin-C	1.0	0.999	7	12	12	12	12	12	12	4.28845856E8	
sp|P01042|KNG1_HUMAN	P01042	KNG1_HUMAN	KNG1	644	Homo sapiens	1:Experimental evidence at protein level	Kininogen-1	1.0	0.9988	7	7	7	7	7	7	7	1.7595092E7	
sp|P01210|PENK_HUMAN	P01210	PENK_HUMAN	PENK	267	Homo sapiens	1:Experimental evidence at protein level	Proenkephalin-A	1.0	0.999	3	3	3	3	3	3	3	6018921.5	
sp|P01344|IGF2_HUMAN	P01344	IGF2_HUMAN	IGF2	180	Homo sapiens	1:Experimental evidence at protein level	Insulin-like growth factor II	0.8983	0.994	1	1	1	1	1	1	1	499829.84	
sp|P01593|KVD33_HUMAN	P01593	KVD33_HUMAN	IGKV1D-33	117	Homo sapiens	1:Experimental evidence at protein level	Immunoglobulin kappa variable 1D-33	0.9816	0.999	1	1	0	1	1	0	1	1927316.6	sp|P01594|KV133_HUMAN
sp|P01597|KV139_HUMAN	P01597	KV139_HUMAN	IGKV1-39	117	Homo sapiens	1:Experimental evidence at protein level	Immunoglobulin kappa variable 1-39	0.9128	0.9949	1	1	0	1	1	0	1	1001413.4	sp|P04432|KVD39_HUMAN
sp|P01602|KV105_HUMAN	P01602	KV105_HUMAN	IGKV1-5	117	Homo sapiens	1:Experimental evidence at protein level	Immunoglobulin kappa variable 1-5	0.9546	0.9975	1	1	1	1	1	1	1	3121245.8	
sp|P01619|KV320_HUMAN	P01619	KV320_HUMAN	IGKV3-20	116	Homo sapiens	1:Experimental evidence at protein level	Immunoglobulin kappa variable 3-20	0.9999	0.999	3	3	2	3	3	2	3	3.190573E7	
sp|P01700|LV147_HUMAN	P01700	LV147_HUMAN	IGLV1-47	117	Homo sapiens	1:Experimental evidence at protein level	Immunoglobulin lambda variable 1-47	1.0	0.999	2	2	1	2	2	1	2	1.1997832E7	
sp|P01701|LV151_HUMAN	P01701	LV151_HUMAN	IGLV1-51	117	Homo sapiens	1:Experimental evidence at protein level	Immunoglobulin lambda variable 1-51	1.0	0.997	2	2	2	2	2	2	2	8301046.0	
sp|P01703|LV140_HUMAN	P01703	LV140_HUMAN	IGLV1-40	118	Homo sapiens	1:Experimental evidence at protein level	Immunoglobulin lambda variable 1-40	0.9672	0.9982	1	1	1	1	1	1	1	1553129.1	
sp|P01706|LV211_HUMAN	P01706	LV211_HUMAN	IGLV2-11	119	Homo sapiens	1:Experimental evidence at protein level	Immunoglobulin lambda variable 2-11	0.9267	0.9857	2	1	1	2	1	1	2	420274.7	
sp|P01709|LV208_HUMAN	P01709	LV208_HUMAN	IGLV2-8	118	Homo sapiens	1:Experimental evidence at protein level	Immunoglobulin lambda variable 2-8	0.9998	0.9898	2	3	2	3	3	2	3	9763585.0	
sp|P01714|LV319_HUMAN	P01714	LV319_HUMAN	IGLV3-19	112	Homo sapiens	1:Experimental evidence at protein level	Immunoglobulin lambda variable 3-19	0.9999	0.9879	1	2	2	2	2	2	2	1796405.5	
sp|P01717|LV325_HUMAN	P01717	LV325_HUMAN	IGLV3-25	112	Homo sapiens	1:Experimental evidence at protein level	Immunoglobulin lambda variable 3-25	1.0	0.9989	2	2	0	2	2	0	2	2086130.2	sp|P01718|LV327_HUMAN
sp|P01721|LV657_HUMAN	P01721	LV657_HUMAN	IGLV6-57	117	Homo sapiens	1:Experimental evidence at protein level	Immunoglobulin lambda variable 6-57	0.9756	0.9987	1	1	1	1	1	1	1	686093.44	
sp|P01768|HV330_HUMAN	P01768	HV330_HUMAN	IGHV3-30	117	Homo sapiens	1:Experimental evidence at protein level	Immunoglobulin heavy variable 3-30	1.0	0.9989	2	3	0	3	3	0	3	2.4790494E7	sp|P01772|HV333_HUMAN, sp|P0DP02|HVC33_HUMAN, sp|P0DP03|HVC05_HUMAN
sp|P01780|HV307_HUMAN	P01780	HV307_HUMAN	IGHV3-7	117	Homo sapiens	1:Experimental evidence at protein level	Immunoglobulin heavy variable 3-7	1.0	0.999	3	4	2	4	4	2	4	2.3260974E7	
sp|P01834|IGKC_HUMAN	P01834	IGKC_HUMAN	IGKC	107	Homo sapiens	1:Experimental evidence at protein level	Immunoglobulin kappa constant	1.0	0.999	6	6	6	6	6	6	6	4.04719552E8	
sp|P01857|IGHG1_HUMAN	P01857	IGHG1_HUMAN	IGHG1	399	Homo sapiens	1:Experimental evidence at protein level	Immunoglobulin heavy constant gamma 1	1.0	0.999	9	12	5	12	12	5	12	5.953913E8	
sp|P01859|IGHG2_HUMAN	P01859	IGHG2_HUMAN	IGHG2	395	Homo sapiens	1:Experimental evidence at protein level	Immunoglobulin heavy constant gamma 2	1.0	0.999	6	6	5	9	6	5	9	3.61317568E8	
sp|P01860|IGHG3_HUMAN	P01860	IGHG3_HUMAN	IGHG3	446	Homo sapiens	1:Experimental evidence at protein level	Immunoglobulin heavy constant gamma 3	1.0	0.9981	6	2	2	8	2	2	8	7685895.5	
sp|P01861|IGHG4_HUMAN	P01861	IGHG4_HUMAN	IGHG4	396	Homo sapiens	1:Experimental evidence at protein level	Immunoglobulin heavy constant gamma 4	1.0	0.9986	5	3	3	8	3	3	8	2.7498874E7	
sp|P01876|IGHA1_HUMAN	P01876	IGHA1_HUMAN	IGHA1	398	Homo sapiens	1:Experimental evidence at protein level	Immunoglobulin heavy constant alpha 1	1.0	0.999	6	6	2	6	6	2	6	1.56573504E8	
sp|P01877|IGHA2_HUMAN	P01877	IGHA2_HUMAN	IGHA2	391	Homo sapiens	1:Experimental evidence at protein level	Immunoglobulin heavy constant alpha 2	0.9998	0.999	5	1	1	5	1	1	5	5235539.5	
sp|P02452|CO1A1_HUMAN	P02452	CO1A1_HUMAN	COL1A1	1464	Homo sapiens	1:Experimental evidence at protein level	Collagen alpha-1(I) chain	1.0	0.999	4	4	4	4	4	4	4	2778120.0	
sp|P02647|APOA1_HUMAN	P02647	APOA1_HUMAN	APOA1	267	Homo sapiens	1:Experimental evidence at protein level	Apolipoprotein A-I	1.0	0.999	25	36	36	36	36	36	36	3.97956224E8	
sp|P02649|APOE_HUMAN	P02649	APOE_HUMAN	APOE	317	Homo sapiens	1:Experimental evidence at protein level	Apolipoprotein E	1.0	0.999	23	30	30	30	30	30	30	3.81535584E8	
sp|P02652|APOA2_HUMAN	P02652	APOA2_HUMAN	APOA2	100	Homo sapiens	1:Experimental evidence at protein level	Apolipoprotein A-II	1.0	0.999	5	6	6	6	6	6	6	8.244028E7	
sp|P02654|APOC1_HUMAN	P02654	APOC1_HUMAN	APOC1	83	Homo sapiens	1:Experimental evidence at protein level	Apolipoprotein C-I	1.0	0.9977	3	4	4	4	4	4	4	1.0191846E7	
sp|P02655|APOC2_HUMAN	P02655	APOC2_HUMAN	APOC2	101	Homo sapiens	1:Experimental evidence at protein level	Apolipoprotein C-II	0.9795	0.9989	1	1	1	1	1	1	1	802546.25	
sp|P02656|APOC3_HUMAN	P02656	APOC3_HUMAN	APOC3	99	Homo sapiens	1:Experimental evidence at protein level	Apolipoprotein C-III	1.0	0.999	3	3	3	3	3	3	3	1.0265144E7	
sp|P02671|FIBA_HUMAN	P02671	FIBA_HUMAN	FGA	866	Homo sapiens	1:Experimental evidence at protein level	Fibrinogen alpha chain	1.0	0.9989	11	11	11	11	11	11	11	6373809.5	
sp|P02675|FIBB_HUMAN	P02675	FIBB_HUMAN	FGB	491	Homo sapiens	1:Experimental evidence at protein level	Fibrinogen beta chain	1.0	0.999	12	12	12	12	12	12	12	7977048.0	
sp|P02679|FIBG_HUMAN	P02679	FIBG_HUMAN	FGG	453	Homo sapiens	1:Experimental evidence at protein level	Fibrinogen gamma chain	1.0	0.999	4	4	4	4	4	4	4	5814351.0	
sp|P02745|C1QA_HUMAN	P02745	C1QA_HUMAN	C1QA	245	Homo sapiens	1:Experimental evidence at protein level	Complement C1q subcomponent subunit A	1.0	0.9986	2	2	2	2	2	2	2	2588971.0	
sp|P02746|C1QB_HUMAN	P02746	C1QB_HUMAN	C1QB	253	Homo sapiens	1:Experimental evidence at protein level	Complement C1q subcomponent subunit B	1.0	0.999	3	3	3	3	3	3	3	1.1053855E7	
sp|P02747|C1QC_HUMAN	P02747	C1QC_HUMAN	C1QC	245	Homo sapiens	1:Experimental evidence at protein level	Complement C1q subcomponent subunit C	1.0	0.999	2	2	2	2	2	2	2	7701498.0	
sp|P02748|CO9_HUMAN	P02748	CO9_HUMAN	C9	559	Homo sapiens	1:Experimental evidence at protein level	Complement component C9	1.0	0.999	12	12	11	12	12	11	12	8005284.5	
sp|P02749|APOH_HUMAN	P02749	APOH_HUMAN	APOH	345	Homo sapiens	1:Experimental evidence at protein level	Beta-2-glycoprotein 1	1.0	0.993	6	6	6	6	6	6	6	2.434945E7	
sp|P02750|A2GL_HUMAN	P02750	A2GL_HUMAN	LRG1	347	Homo sapiens	1:Experimental evidence at protein level	Leucine-rich alpha-2-glycoprotein	1.0	0.9988	6	6	6	6	6	6	6	6288706.5	
sp|P02751|FINC_HUMAN	P02751	FINC_HUMAN	FN1	2477	Homo sapiens	1:Experimental evidence at protein level	Fibronectin	1.0	0.999	45	48	48	48	48	48	48	1.7657714E7	
sp|P02753|RET4_HUMAN	P02753	RET4_HUMAN	RBP4	201	Homo sapiens	1:Experimental evidence at protein level	Retinol-binding protein 4	1.0	0.999	4	5	5	5	5	5	5	7126038.5	
sp|P02760|AMBP_HUMAN	P02760	AMBP_HUMAN	AMBP	352	Homo sapiens	1:Experimental evidence at protein level	Protein AMBP	1.0	0.9881	2	2	2	2	2	2	2	4482711.5	
sp|P02763|A1AG1_HUMAN	P02763	A1AG1_HUMAN	ORM1	201	Homo sapiens	1:Experimental evidence at protein level	Alpha-1-acid glycoprotein 1	1.0	0.999	7	9	9	11	9	9	11	7.4057808E7	
sp|P02765|FETUA_HUMAN	P02765	FETUA_HUMAN	AHSG	367	Homo sapiens	1:Experimental evidence at protein level	Alpha-2-HS-glycoprotein	1.0	0.999	3	5	5	5	5	5	5	6.9387392E7	
sp|P02766|TTHY_HUMAN	P02766	TTHY_HUMAN	TTR	147	Homo sapiens	1:Experimental evidence at protein level	Transthyretin	1.0	0.999	8	12	12	12	12	12	12	1.292928E8	
sp|P02768|ALBU_HUMAN	P02768	ALBU_HUMAN	ALB	609	Homo sapiens	1:Experimental evidence at protein level	Albumin	1.0	0.999	32	42	37	42	42	37	42	5.7842888E9	
sp|P02774|VTDB_HUMAN	P02774	VTDB_HUMAN	GC	474	Homo sapiens	1:Experimental evidence at protein level	Vitamin D-binding protein	1.0	0.999	12	12	12	12	12	12	12	4.5085532E7	
sp|P02787|TRFE_HUMAN	P02787	TRFE_HUMAN	TF	698	Homo sapiens	1:Experimental evidence at protein level	Serotransferrin	1.0	0.999	24	42	42	42	42	42	42	8.6816883E8	
sp|P02790|HEMO_HUMAN	P02790	HEMO_HUMAN	HPX	462	Homo sapiens	1:Experimental evidence at protein level	Hemopexin	1.0	0.999	15	19	17	19	19	17	19	1.57264384E8	
sp|P03952|KLKB1_HUMAN	P03952	KLKB1_HUMAN	KLKB1	638	Homo sapiens	1:Experimental evidence at protein level	Plasma kallikrein	0.6867	0.9762	1	1	1	1	1	1	1	360949.3	
sp|P04004|VTNC_HUMAN	P04004	VTNC_HUMAN	VTN	478	Homo sapiens	1:Experimental evidence at protein level	Vitronectin	1.0	0.999	3	4	4	4	4	4	4	5133103.0	
sp|P04066|FUCO_HUMAN	P04066	FUCO_HUMAN	FUCA1	466	Homo sapiens	1:Experimental evidence at protein level	Tissue alpha-L-fucosidase	0.7685	0.9842	1	1	1	1	1	1	1	0.0	
sp|P04075|ALDOA_HUMAN	P04075	ALDOA_HUMAN	ALDOA	364	Homo sapiens	1:Experimental evidence at protein level	Fructose-bisphosphate aldolase A	1.0	0.9981	8	8	1	8	8	1	8	3004708.8	
sp|P04156|PRIO_HUMAN	P04156	PRIO_HUMAN	PRNP	253	Homo sapiens	1:Experimental evidence at protein level	Major prion protein	1.0	0.999	4	5	5	5	5	5	5	1.3319642E7	
sp|P04180|LCAT_HUMAN	P04180	LCAT_HUMAN	LCAT	440	Homo sapiens	1:Experimental evidence at protein level	Phosphatidylcholine-sterol acyltransferase	1.0	0.9963	2	2	2	2	2	2	2	1557045.2	
sp|P04196|HRG_HUMAN	P04196	HRG_HUMAN	HRG	525	Homo sapiens	1:Experimental evidence at protein level	Histidine-rich glycoprotein	1.0	0.999	7	8	8	8	8	8	8	1.3113859E7	
sp|P04216|THY1_HUMAN	P04216	THY1_HUMAN	THY1	161	Homo sapiens	1:Experimental evidence at protein level	Thy-1 membrane glycoprotein	1.0	0.999	3	3	3	3	3	3	3	9114789.0	
sp|P04217|A1BG_HUMAN	P04217	A1BG_HUMAN	A1BG	495	Homo sapiens	1:Experimental evidence at protein level	Alpha-1B-glycoprotein	1.0	0.999	11	13	13	13	13	13	13	3.2646206E7	
sp|P04406|G3P_HUMAN	P04406	G3P_HUMAN	GAPDH	335	Homo sapiens	1:Experimental evidence at protein level	Glyceraldehyde-3-phosphate dehydrogenase	0.8858	0.9932	1	1	1	1	1	1	1	1618961.9	
sp|P04430|KV116_HUMAN	P04430	KV116_HUMAN	IGKV1-16	117	Homo sapiens	1:Experimental evidence at protein level	Immunoglobulin kappa variable 1-16	0.7992	0.9868	1	1	1	1	1	1	1	909748.06	
sp|P04908|H2A1B_HUMAN	P04908	H2A1B_HUMAN	H2AC4	130	Homo sapiens	1:Experimental evidence at protein level	Histone H2A type 1-B/E	0.9999	0.961	2	2	0	2	2	0	2	5540939.0	sp|P0C0S5|H2AZ_HUMAN, sp|P0C0S8|H2A1_HUMAN, sp|P16104|H2AX_HUMAN, sp|P20671|H2A1D_HUMAN, sp|Q16777|H2A2C_HUMAN, sp|Q6FI13|H2A2A_HUMAN, sp|Q71UI9|H2AV_HUMAN, sp|Q7L7L0|H2A3_HUMAN, sp|Q93077|H2A1C_HUMAN, sp|Q96KK5|H2A1H_HUMAN, sp|Q96QV6|H2A1A_HUMAN, sp|Q99878|H2A1J_HUMAN, sp|Q9BTM1|H2AJ_HUMAN
sp|P05060|SCG1_HUMAN	P05060	SCG1_HUMAN	CHGB	677	Homo sapiens	1:Experimental evidence at protein level	Secretogranin-1	1.0	0.999	20	25	25	25	25	25	25	6.4473556E7	
sp|P05067|A4_HUMAN	P05067	A4_HUMAN	APP	770	Homo sapiens	1:Experimental evidence at protein level	Amyloid-beta precursor protein	1.0	0.999	15	19	17	19	19	17	19	1.0783148E7	
sp|P05090|APOD_HUMAN	P05090	APOD_HUMAN	APOD	189	Homo sapiens	1:Experimental evidence at protein level	Apolipoprotein D	1.0	0.999	5	5	5	5	5	5	5	2.45302448E8	
sp|P05155|IC1_HUMAN	P05155	IC1_HUMAN	SERPING1	500	Homo sapiens	1:Experimental evidence at protein level	Plasma protease C1 inhibitor	1.0	0.9988	10	11	11	11	11	11	11	8345745.5	
sp|P05156|CFAI_HUMAN	P05156	CFAI_HUMAN	CFI	583	Homo sapiens	1:Experimental evidence at protein level	Complement factor I	1.0	0.999	3	3	3	3	3	3	3	3814447.0	
sp|P05408|7B2_HUMAN	P05408	7B2_HUMAN	SCG5	212	Homo sapiens	1:Experimental evidence at protein level	Neuroendocrine protein 7B2	1.0	0.9883	2	2	2	2	2	2	2	1.7747796E7	
sp|P05452|TETN_HUMAN	P05452	TETN_HUMAN	CLEC3B	202	Homo sapiens	1:Experimental evidence at protein level	Tetranectin	1.0	0.9989	2	3	3	3	3	3	3	9405645.0	
sp|P05543|THBG_HUMAN	P05543	THBG_HUMAN	SERPINA7	415	Homo sapiens	1:Experimental evidence at protein level	Thyroxine-binding globulin	1.0	0.9987	7	7	7	7	7	7	7	2727697.0	
sp|P05546|HEP2_HUMAN	P05546	HEP2_HUMAN	SERPIND1	499	Homo sapiens	1:Experimental evidence at protein level	Heparin cofactor 2	1.0	0.9989	10	10	10	10	10	10	10	6648330.5	
sp|P05783|K1C18_HUMAN	P05783	K1C18_HUMAN	KRT18	430	Homo sapiens	1:Experimental evidence at protein level	Keratin, type I cytoskeletal 18	0.9511	0.9973	1	1	0	1	1	0	1	430436.0	sp|P08727|K1C19_HUMAN
sp|P06312|KV401_HUMAN	P06312	KV401_HUMAN	IGKV4-1	121	Homo sapiens	1:Experimental evidence at protein level	Immunoglobulin kappa variable 4-1	1.0	0.9979	3	4	4	4	4	4	4	9929116.0	
sp|P06396|GELS_HUMAN	P06396	GELS_HUMAN	GSN	782	Homo sapiens	1:Experimental evidence at protein level	Gelsolin	1.0	0.999	32	45	45	45	45	45	45	8.7272048E7	
sp|P06681|CO2_HUMAN	P06681	CO2_HUMAN	C2	752	Homo sapiens	1:Experimental evidence at protein level	Complement C2	1.0	0.999	3	3	3	3	3	3	3	2308781.0	
sp|P06703|S10A6_HUMAN	P06703	S10A6_HUMAN	S100A6	90	Homo sapiens	1:Experimental evidence at protein level	Protein S100-A6	1.0	0.9945	2	2	2	2	2	2	2	846930.5	
sp|P06727|APOA4_HUMAN	P06727	APOA4_HUMAN	APOA4	396	Homo sapiens	1:Experimental evidence at protein level	Apolipoprotein A-IV	1.0	0.999	27	32	32	32	32	32	32	2.7904012E7	
sp|P06733|ENOA_HUMAN	P06733	ENOA_HUMAN	ENO1	434	Homo sapiens	1:Experimental evidence at protein level	Alpha-enolase	1.0	0.9956	4	4	4	4	4	4	4	2281817.2	
sp|P06748|NPM_HUMAN	P06748	NPM_HUMAN	NPM1	294	Homo sapiens	1:Experimental evidence at protein level	Nucleophosmin	0.9614	0.9979	1	1	1	1	1	1	1	713152.3	
sp|P07108|ACBP_HUMAN	P07108	ACBP_HUMAN	DBI	87	Homo sapiens	1:Experimental evidence at protein level	Acyl-CoA-binding protein	1.0	0.9988	2	2	2	2	2	2	2	694955.0	
sp|P07195|LDHB_HUMAN	P07195	LDHB_HUMAN	LDHB	334	Homo sapiens	1:Experimental evidence at protein level	L-lactate dehydrogenase B chain	1.0	0.9988	5	5	5	5	5	5	5	2981352.5	
sp|P07225|PROS_HUMAN	P07225	PROS_HUMAN	PROS1	676	Homo sapiens	1:Experimental evidence at protein level	Vitamin K-dependent protein S	1.0	0.9988	7	7	7	7	7	7	7	6599912.0	
sp|P07333|CSF1R_HUMAN	P07333	CSF1R_HUMAN	CSF1R	972	Homo sapiens	1:Experimental evidence at protein level	Macrophage colony-stimulating factor 1 receptor	1.0	0.999	4	4	4	4	4	4	4	3152923.5	
sp|P07339|CATD_HUMAN	P07339	CATD_HUMAN	CTSD	412	Homo sapiens	1:Experimental evidence at protein level	Cathepsin D	1.0	0.999	10	12	12	12	12	12	12	6594417.5	
sp|P07357|CO8A_HUMAN	P07357	CO8A_HUMAN	C8A	584	Homo sapiens	1:Experimental evidence at protein level	Complement component C8 alpha chain	1.0	0.9697	2	3	3	3	3	3	3	851010.25	
sp|P07358|CO8B_HUMAN	P07358	CO8B_HUMAN	C8B	591	Homo sapiens	1:Experimental evidence at protein level	Complement component C8 beta chain	1.0	0.9983	1	1	1	1	1	1	1	272572.38	
sp|P07360|CO8G_HUMAN	P07360	CO8G_HUMAN	C8G	202	Homo sapiens	1:Experimental evidence at protein level	Complement component C8 gamma chain	1.0	0.9989	2	2	2	2	2	2	2	977371.6	
sp|P07437|TBB5_HUMAN	P07437	TBB5_HUMAN	TUBB	444	Homo sapiens	1:Experimental evidence at protein level	Tubulin beta chain	0.9687	0.9983	1	1	0	1	1	0	1	0.0	sp|Q13509|TBB3_HUMAN, sp|Q13885|TBB2A_HUMAN, sp|Q9BVA1|TBB2B_HUMAN
sp|P08123|CO1A2_HUMAN	P08123	CO1A2_HUMAN	COL1A2	1366	Homo sapiens	1:Experimental evidence at protein level	Collagen alpha-2(I) chain	1.0	0.9852	3	3	3	3	3	3	3	848361.5	
sp|P08185|CBG_HUMAN	P08185	CBG_HUMAN	SERPINA6	405	Homo sapiens	1:Experimental evidence at protein level	Corticosteroid-binding globulin	1.0	0.999	7	8	8	8	8	8	8	7723810.0	
sp|P08238|HS90B_HUMAN	P08238	HS90B_HUMAN	HSP90AB1	724	Homo sapiens	1:Experimental evidence at protein level	Heat shock protein HSP 90-beta	1.0	0.9989	5	5	0	5	5	0	5	3679795.8	
sp|P08253|MMP2_HUMAN	P08253	MMP2_HUMAN	MMP2	660	Homo sapiens	1:Experimental evidence at protein level	72 kDa type IV collagenase	1.0	0.9988	8	8	8	8	8	8	8	2647505.0	
sp|P08294|SODE_HUMAN	P08294	SODE_HUMAN	SOD3	240	Homo sapiens	1:Experimental evidence at protein level	Extracellular superoxide dismutase [Cu-Zn]	1.0	0.999	5	8	8	8	8	8	8	2.1440112E7	
sp|P08571|CD14_HUMAN	P08571	CD14_HUMAN	CD14	375	Homo sapiens	1:Experimental evidence at protein level	Monocyte differentiation antigen CD14	1.0	0.998	5	5	5	5	5	5	5	1.159104E7	
sp|P08603|CFAH_HUMAN	P08603	CFAH_HUMAN	CFH	1231	Homo sapiens	1:Experimental evidence at protein level	Complement factor H	1.0	0.999	17	23	19	23	23	19	23	1.7535616E7	
sp|P08697|A2AP_HUMAN	P08697	A2AP_HUMAN	SERPINF2	491	Homo sapiens	1:Experimental evidence at protein level	Alpha-2-antiplasmin	1.0	0.999	5	5	5	5	5	5	5	2565376.5	
sp|P09382|LEG1_HUMAN	P09382	LEG1_HUMAN	LGALS1	135	Homo sapiens	1:Experimental evidence at protein level	Galectin-1	0.8455	0.9903	1	1	1	1	1	1	1	363861.22	
sp|P09417|DHPR_HUMAN	P09417	DHPR_HUMAN	QDPR	244	Homo sapiens	1:Experimental evidence at protein level	Dihydropteridine reductase	0.954	0.9974	1	1	1	1	1	1	1	512220.72	
sp|P09486|SPRC_HUMAN	P09486	SPRC_HUMAN	SPARC	303	Homo sapiens	1:Experimental evidence at protein level	SPARC	1.0	0.9988	3	3	3	3	3	3	3	3364326.0	
sp|P09603|CSF1_HUMAN	P09603	CSF1_HUMAN	CSF1	554	Homo sapiens	1:Experimental evidence at protein level	Macrophage colony-stimulating factor 1	1.0	0.9988	1	2	2	2	2	2	2	1923907.2	
sp|P09651|ROA1_HUMAN	P09651	ROA1_HUMAN	HNRNPA1	372	Homo sapiens	1:Experimental evidence at protein level	Heterogeneous nuclear ribonucleoprotein A1	0.565	0.9605	1	1	0	1	1	0	1	1097383.9	sp|Q32P51|RA1L2_HUMAN
sp|P09871|C1S_HUMAN	P09871	C1S_HUMAN	C1S	688	Homo sapiens	1:Experimental evidence at protein level	Complement C1s subcomponent	1.0	0.999	14	15	14	15	15	14	15	1.780386E7	
sp|P09972|ALDOC_HUMAN	P09972	ALDOC_HUMAN	ALDOC	364	Homo sapiens	1:Experimental evidence at protein level	Fructose-bisphosphate aldolase C	1.0	0.999	5	4	4	5	4	4	5	1314219.0	
sp|P0C0L4|CO4A_HUMAN	P0C0L4	CO4A_HUMAN	C4A	1744	Homo sapiens	1:Experimental evidence at protein level	Complement C4-A	1.0	0.999	53	2	2	65	2	2	65	5396643.0	
sp|P0C0L5|CO4B_HUMAN	P0C0L5	CO4B_HUMAN	C4B	1744	Homo sapiens	1:Experimental evidence at protein level	Complement C4-B	1.0	0.999	55	68	5	68	68	5	68	4.0116712E7	
sp|P0CG47|UBB_HUMAN	P0CG47	UBB_HUMAN	UBB	229	Homo sapiens	1:Experimental evidence at protein level	Polyubiquitin-B	1.0	0.9989	4	4	0	4	4	0	4	2.1827632E7	sp|P0CG48|UBC_HUMAN, sp|P62979|RS27A_HUMAN, sp|P62987|RL40_HUMAN
sp|P0DOY2|IGLC2_HUMAN	P0DOY2	IGLC2_HUMAN	IGLC2	106	Homo sapiens	1:Experimental evidence at protein level	Immunoglobulin lambda constant 2	1.0	0.999	3	2	0	3	2	0	3	1.04436512E8	sp|P0DOY3|IGLC3_HUMAN
sp|P0DP58|LYNX1_HUMAN	P0DP58	LYNX1_HUMAN	LYNX1	116	Homo sapiens	1:Experimental evidence at protein level	Ly-6/neurotoxin-like protein 1	0.3563	0.9121	1	1	1	1	1	1	1	3718540.5	
sp|P10412|H14_HUMAN	P10412	H14_HUMAN	H1-4	219	Homo sapiens	1:Experimental evidence at protein level	Histone H1.4	0.8937	0.9937	1	1	0	1	1	0	1	717158.7	sp|P16402|H13_HUMAN, sp|P16403|H12_HUMAN, sp|P22492|H1T_HUMAN, sp|Q02539|H11_HUMAN
sp|P10451|OSTP_HUMAN	P10451	OSTP_HUMAN	SPP1	314	Homo sapiens	1:Experimental evidence at protein level	Osteopontin	1.0	0.999	7	9	9	9	9	9	9	7.1839696E7	
sp|P10599|THIO_HUMAN	P10599	THIO_HUMAN	TXN	105	Homo sapiens	1:Experimental evidence at protein level	Thioredoxin	1.0	0.9973	2	2	2	2	2	2	2	1037314.5	
sp|P10643|CO7_HUMAN	P10643	CO7_HUMAN	C7	843	Homo sapiens	1:Experimental evidence at protein level	Complement component C7	1.0	0.9989	11	11	11	11	11	11	11	9159990.0	
sp|P10645|CMGA_HUMAN	P10645	CMGA_HUMAN	CHGA	457	Homo sapiens	1:Experimental evidence at protein level	Chromogranin-A	1.0	0.999	8	10	10	10	10	10	10	2.4610316E7	
sp|P10809|CH60_HUMAN	P10809	CH60_HUMAN	HSPD1	573	Homo sapiens	1:Experimental evidence at protein level	60 kDa heat shock protein, mitochondrial	0.5833	0.9633	1	1	1	1	1	1	1	640928.8	
sp|P10909|CLUS_HUMAN	P10909	CLUS_HUMAN	CLU	449	Homo sapiens	1:Experimental evidence at protein level	Clusterin	1.0	0.999	14	23	23	23	23	23	23	2.27233648E8	
sp|P11021|BIP_HUMAN	P11021	BIP_HUMAN	HSPA5	654	Homo sapiens	1:Experimental evidence at protein level	Endoplasmic reticulum chaperone BiP	1.0	0.987	2	2	1	2	2	1	2	553719.6	
sp|P11142|HSP7C_HUMAN	P11142	HSP7C_HUMAN	HSPA8	646	Homo sapiens	1:Experimental evidence at protein level	Heat shock cognate 71 kDa protein	1.0	0.9985	1	1	0	1	1	0	1	349665.78	
sp|P11362|FGFR1_HUMAN	P11362	FGFR1_HUMAN	FGFR1	822	Homo sapiens	1:Experimental evidence at protein level	Fibroblast growth factor receptor 1	0.9724	0.9985	1	1	1	1	1	1	1	522429.1	
sp|P12109|CO6A1_HUMAN	P12109	CO6A1_HUMAN	COL6A1	1028	Homo sapiens	1:Experimental evidence at protein level	Collagen alpha-1(VI) chain	1.0	0.999	10	10	10	10	10	10	10	5078654.5	
sp|P12259|FA5_HUMAN	P12259	FA5_HUMAN	F5	2224	Homo sapiens	1:Experimental evidence at protein level	Coagulation factor V	1.0	0.9984	5	5	5	5	5	5	5	1321972.4	
sp|P12882|MYH1_HUMAN	P12882	MYH1_HUMAN	MYH1	1939	Homo sapiens	1:Experimental evidence at protein level	Myosin-1	1.0	0.9886	2	2	1	2	2	1	2	621485.6	
sp|P13473|LAMP2_HUMAN	P13473	LAMP2_HUMAN	LAMP2	410	Homo sapiens	1:Experimental evidence at protein level	Lysosome-associated membrane glycoprotein 2	1.0	0.9989	3	3	3	3	3	3	3	3623231.5	
sp|P13521|SCG2_HUMAN	P13521	SCG2_HUMAN	SCG2	617	Homo sapiens	1:Experimental evidence at protein level	Secretogranin-2	1.0	0.9989	5	5	5	5	5	5	5	4445983.5	
sp|P13591|NCAM1_HUMAN	P13591	NCAM1_HUMAN	NCAM1	858	Homo sapiens	1:Experimental evidence at protein level	Neural cell adhesion molecule 1	1.0	0.999	19	19	19	19	19	19	19	1.5318299E7	
sp|P13611|CSPG2_HUMAN	P13611	CSPG2_HUMAN	VCAN	3396	Homo sapiens	1:Experimental evidence at protein level	Versican core protein	0.6111	0.9672	1	1	1	1	1	1	1	943545.06	
sp|P13639|EF2_HUMAN	P13639	EF2_HUMAN	EEF2	858	Homo sapiens	1:Experimental evidence at protein level	Elongation factor 2	1.0	0.9923	2	2	2	2	2	2	2	631237.8	
sp|P13671|CO6_HUMAN	P13671	CO6_HUMAN	C6	934	Homo sapiens	1:Experimental evidence at protein level	Complement component C6	0.9973	0.9943	1	1	1	1	1	1	1	556925.44	
sp|P14618|KPYM_HUMAN	P14618	KPYM_HUMAN	PKM	531	Homo sapiens	1:Experimental evidence at protein level	Pyruvate kinase PKM	1.0	0.999	10	10	10	10	10	10	10	5796540.0	
sp|P15311|EZRI_HUMAN	P15311	EZRI_HUMAN	EZR	586	Homo sapiens	1:Experimental evidence at protein level	Ezrin	0.714	0.9791	1	1	1	1	1	1	1	522464.75	
sp|P16035|TIMP2_HUMAN	P16035	TIMP2_HUMAN	TIMP2	220	Homo sapiens	1:Experimental evidence at protein level	Metalloproteinase inhibitor 2	1.0	0.9962	4	4	4	4	4	4	4	3234355.2	
sp|P16070|CD44_HUMAN	P16070	CD44_HUMAN	CD44	742	Homo sapiens	1:Experimental evidence at protein level	CD44 antigen	0.9816	0.999	1	1	1	1	1	1	1	4623598.5	
sp|P16870|CBPE_HUMAN	P16870	CBPE_HUMAN	CPE	476	Homo sapiens	1:Experimental evidence at protein level	Carboxypeptidase E	1.0	0.999	8	8	8	8	8	8	8	7226590.0	
sp|P17174|AATC_HUMAN	P17174	AATC_HUMAN	GOT1	413	Homo sapiens	1:Experimental evidence at protein level	Aspartate aminotransferase, cytoplasmic	1.0	0.999	5	5	5	5	5	5	5	2027774.4	
sp|P17900|SAP3_HUMAN	P17900	SAP3_HUMAN	GM2A	193	Homo sapiens	1:Experimental evidence at protein level	Ganglioside GM2 activator	1.0	0.999	4	4	4	4	4	4	4	1.0556991E7	
sp|P18065|IBP2_HUMAN	P18065	IBP2_HUMAN	IGFBP2	325	Homo sapiens	1:Experimental evidence at protein level	Insulin-like growth factor-binding protein 2	1.0	0.9923	2	2	2	2	2	2	2	1627225.8	
sp|P19021|AMD_HUMAN	P19021	AMD_HUMAN	PAM	973	Homo sapiens	1:Experimental evidence at protein level	Peptidyl-glycine alpha-amidating monooxygenase	1.0	0.9985	5	5	5	5	5	5	5	2425570.8	
sp|P19022|CADH2_HUMAN	P19022	CADH2_HUMAN	CDH2	906	Homo sapiens	1:Experimental evidence at protein level	Cadherin-2	1.0	0.999	7	8	8	8	8	8	8	6703075.5	
sp|P19652|A1AG2_HUMAN	P19652	A1AG2_HUMAN	ORM2	201	Homo sapiens	1:Experimental evidence at protein level	Alpha-1-acid glycoprotein 2	1.0	0.999	7	11	9	11	11	9	11	7.3828768E7	
sp|P19823|ITIH2_HUMAN	P19823	ITIH2_HUMAN	ITIH2	946	Homo sapiens	1:Experimental evidence at protein level	Inter-alpha-trypsin inhibitor heavy chain H2	1.0	0.999	14	14	14	14	14	14	14	6693795.5	
sp|P19827|ITIH1_HUMAN	P19827	ITIH1_HUMAN	ITIH1	911	Homo sapiens	1:Experimental evidence at protein level	Inter-alpha-trypsin inhibitor heavy chain H1	1.0	0.999	8	8	8	8	8	8	8	4200398.5	
sp|P20472|PRVA_HUMAN	P20472	PRVA_HUMAN	PVALB	110	Homo sapiens	1:Experimental evidence at protein level	Parvalbumin alpha	1.0	0.9987	2	2	2	2	2	2	2	1057586.8	
sp|P20774|MIME_HUMAN	P20774	MIME_HUMAN	OGN	298	Homo sapiens	1:Experimental evidence at protein level	Mimecan	1.0	0.999	10	11	11	11	11	11	11	2.469585E7	
sp|P20933|ASPG_HUMAN	P20933	ASPG_HUMAN	AGA	346	Homo sapiens	1:Experimental evidence at protein level	N(4)-(beta-N-acetylglucosaminyl)-L-asparaginase	0.502	0.9497	1	1	1	1	1	1	1	327375.22	
sp|P21802|FGFR2_HUMAN	P21802	FGFR2_HUMAN	FGFR2	821	Homo sapiens	1:Experimental evidence at protein level	Fibroblast growth factor receptor 2	1.0	0.9966	2	2	2	2	2	2	2	592733.5	
sp|P22061|PIMT_HUMAN	P22061	PIMT_HUMAN	PCMT1	227	Homo sapiens	1:Experimental evidence at protein level	Protein-L-isoaspartate(D-aspartate) O-methyltransferase	1.0	0.9862	2	2	2	2	2	2	2	1315943.5	
sp|P22352|GPX3_HUMAN	P22352	GPX3_HUMAN	GPX3	226	Homo sapiens	1:Experimental evidence at protein level	Glutathione peroxidase 3	1.0	0.9984	3	3	3	3	3	3	3	2379456.8	
sp|P22626|ROA2_HUMAN	P22626	ROA2_HUMAN	HNRNPA2B1	353	Homo sapiens	1:Experimental evidence at protein level	Heterogeneous nuclear ribonucleoproteins A2/B1	0.8902	0.9935	1	1	1	1	1	1	1	361638.8	
sp|P22692|IBP4_HUMAN	P22692	IBP4_HUMAN	IGFBP4	258	Homo sapiens	1:Experimental evidence at protein level	Insulin-like growth factor-binding protein 4	0.6835	0.9759	1	1	1	1	1	1	1	1213676.9	
sp|P23142|FBLN1_HUMAN	P23142	FBLN1_HUMAN	FBLN1	703	Homo sapiens	1:Experimental evidence at protein level	Fibulin-1	1.0	0.999	9	10	10	10	10	10	10	1.1263119E7	
sp|P23284|PPIB_HUMAN	P23284	PPIB_HUMAN	PPIB	216	Homo sapiens	1:Experimental evidence at protein level	Peptidyl-prolyl cis-trans isomerase B	1.0	0.9924	4	4	4	4	4	4	4	1634870.4	
sp|P23468|PTPRD_HUMAN	P23468	PTPRD_HUMAN	PTPRD	1912	Homo sapiens	1:Experimental evidence at protein level	Receptor-type tyrosine-protein phosphatase delta	1.0	0.9987	3	3	2	3	3	2	3	1469565.4	
sp|P23471|PTPRZ_HUMAN	P23471	PTPRZ_HUMAN	PTPRZ1	2315	Homo sapiens	1:Experimental evidence at protein level	Receptor-type tyrosine-protein phosphatase zeta	1.0	0.9988	5	5	5	5	5	5	5	1659438.0	
sp|P23515|OMGP_HUMAN	P23515	OMGP_HUMAN	OMG	440	Homo sapiens	1:Experimental evidence at protein level	Oligodendrocyte-myelin glycoprotein	1.0	0.9973	3	3	3	3	3	3	3	5950739.0	
sp|P23582|ANFC_HUMAN	P23582	ANFC_HUMAN	NPPC	126	Homo sapiens	1:Experimental evidence at protein level	C-type natriuretic peptide	0.7418	0.9818	1	1	1	1	1	1	1	525358.6	
sp|P24592|IBP6_HUMAN	P24592	IBP6_HUMAN	IGFBP6	240	Homo sapiens	1:Experimental evidence at protein level	Insulin-like growth factor-binding protein 6	1.0	0.9977	3	4	4	4	4	4	4	1.3806287E7	
sp|P25311|ZA2G_HUMAN	P25311	ZA2G_HUMAN	AZGP1	298	Homo sapiens	1:Experimental evidence at protein level	Zinc-alpha-2-glycoprotein	1.0	0.999	12	13	13	13	13	13	13	3.2237562E7	
sp|P25713|MT3_HUMAN	P25713	MT3_HUMAN	MT3	68	Homo sapiens	1:Experimental evidence at protein level	Metallothionein-3	0.6773	0.9752	1	1	1	1	1	1	1	434193.94	
sp|P26992|CNTFR_HUMAN	P26992	CNTFR_HUMAN	CNTFR	372	Homo sapiens	1:Experimental evidence at protein level	Ciliary neurotrophic factor receptor subunit alpha	0.888	0.9933	1	1	1	1	1	1	1	1321605.6	
sp|P27169|PON1_HUMAN	P27169	PON1_HUMAN	PON1	355	Homo sapiens	1:Experimental evidence at protein level	Serum paraoxonase/arylesterase 1	1.0	0.9975	6	6	5	6	6	5	6	1907661.0	
sp|P29622|KAIN_HUMAN	P29622	KAIN_HUMAN	SERPINA4	427	Homo sapiens	1:Experimental evidence at protein level	Kallistatin	1.0	0.999	6	6	6	6	6	6	6	2284853.5	
sp|P30086|PEBP1_HUMAN	P30086	PEBP1_HUMAN	PEBP1	187	Homo sapiens	1:Experimental evidence at protein level	Phosphatidylethanolamine-binding protein 1	1.0	0.999	4	5	5	5	5	5	5	7677229.0	
sp|P34096|RNAS4_HUMAN	P34096	RNAS4_HUMAN	RNASE4	147	Homo sapiens	1:Experimental evidence at protein level	Ribonuclease 4	0.9352	0.9963	1	1	1	1	1	1	1	1113798.6	
sp|P35542|SAA4_HUMAN	P35542	SAA4_HUMAN	SAA4	130	Homo sapiens	1:Experimental evidence at protein level	Serum amyloid A-4 protein	1.0	0.9989	2	2	2	2	2	2	2	2828337.0	
sp|P36222|CH3L1_HUMAN	P36222	CH3L1_HUMAN	CHI3L1	383	Homo sapiens	1:Experimental evidence at protein level	Chitinase-3-like protein 1	1.0	0.999	12	12	12	12	12	12	12	1.2338422E7	
sp|P36575|ARRC_HUMAN	P36575	ARRC_HUMAN	ARR3	388	Homo sapiens	1:Experimental evidence at protein level	Arrestin-C	0.3868	0.922	1	1	1	1	1	1	1	1640054.0	
sp|P36955|PEDF_HUMAN	P36955	PEDF_HUMAN	SERPINF1	418	Homo sapiens	1:Experimental evidence at protein level	Pigment epithelium-derived factor	1.0	0.999	19	22	22	22	22	22	22	6.730236E7	
sp|P39060|COIA1_HUMAN	P39060	COIA1_HUMAN	COL18A1	1754	Homo sapiens	1:Experimental evidence at protein level	Collagen alpha-1(XVIII) chain	1.0	0.999	4	4	4	4	4	4	4	3694429.5	
sp|P40189|IL6RB_HUMAN	P40189	IL6RB_HUMAN	IL6ST	918	Homo sapiens	1:Experimental evidence at protein level	Interleukin-6 receptor subunit beta	0.8494	0.9906	1	1	1	1	1	1	1	437970.47	
sp|P40925|MDHC_HUMAN	P40925	MDHC_HUMAN	MDH1	334	Homo sapiens	1:Experimental evidence at protein level	Malate dehydrogenase, cytoplasmic	1.0	0.9983	3	3	3	3	3	3	3	1435633.2	
sp|P41222|PTGDS_HUMAN	P41222	PTGDS_HUMAN	PTGDS	190	Homo sapiens	1:Experimental evidence at protein level	Prostaglandin-H2 D-isomerase	1.0	0.999	7	9	9	9	9	9	9	2.21438464E9	
sp|P41271|NBL1_HUMAN	P41271	NBL1_HUMAN	NBL1	181	Homo sapiens	1:Experimental evidence at protein level	Neuroblastoma suppressor of tumorigenicity 1	0.865	0.9917	1	1	1	1	1	1	1	2865779.2	
sp|P42785|PCP_HUMAN	P42785	PCP_HUMAN	PRCP	496	Homo sapiens	1:Experimental evidence at protein level	Lysosomal Pro-X carboxypeptidase	0.4528	0.9394	1	1	1	1	1	1	1	310769.06	
sp|P42857|NSG1_HUMAN	P42857	NSG1_HUMAN	NSG1	185	Homo sapiens	1:Experimental evidence at protein level	Neuronal vesicle trafficking-associated protein 1	0.9156	0.9951	1	1	1	1	1	1	1	626613.56	
sp|P43121|MUC18_HUMAN	P43121	MUC18_HUMAN	MCAM	646	Homo sapiens	1:Experimental evidence at protein level	Cell surface glycoprotein MUC18	1.0	0.999	5	5	5	5	5	5	5	3573375.5	
sp|P43251|BTD_HUMAN	P43251	BTD_HUMAN	BTD	543	Homo sapiens	1:Experimental evidence at protein level	Biotinidase	1.0	0.9986	2	2	2	2	2	2	2	2656276.8	
sp|P43652|AFAM_HUMAN	P43652	AFAM_HUMAN	AFM	599	Homo sapiens	1:Experimental evidence at protein level	Afamin	1.0	0.999	10	11	11	11	11	11	11	7152813.5	
sp|P45877|PPIC_HUMAN	P45877	PPIC_HUMAN	PPIC	212	Homo sapiens	1:Experimental evidence at protein level	Peptidyl-prolyl cis-trans isomerase C	0.8875	0.9933	1	1	1	1	1	1	1	242963.95	
sp|P48058|GRIA4_HUMAN	P48058	GRIA4_HUMAN	GRIA4	902	Homo sapiens	1:Experimental evidence at protein level	Glutamate receptor 4	1.0	0.9943	2	2	2	2	2	2	2	572762.5	
sp|P49908|SEPP1_HUMAN	P49908	SEPP1_HUMAN	SELENOP	381	Homo sapiens	1:Experimental evidence at protein level	Selenoprotein P	1.0	0.9989	2	3	3	3	3	3	3	2164209.5	
sp|P50750|CDK9_HUMAN	P50750	CDK9_HUMAN	CDK9	372	Homo sapiens	1:Experimental evidence at protein level	Cyclin-dependent kinase 9	0.6549	0.9726	1	1	0	1	1	0	1	254046.6	sp|Q14004|CDK13_HUMAN, sp|Q9NYV4|CDK12_HUMAN
sp|P51512|MMP16_HUMAN	P51512	MMP16_HUMAN	MMP16	607	Homo sapiens	1:Experimental evidence at protein level	Matrix metalloproteinase-16	0.4853	0.9464	1	1	1	1	1	1	1	814258.44	
sp|P51693|APLP1_HUMAN	P51693	APLP1_HUMAN	APLP1	650	Homo sapiens	1:Experimental evidence at protein level	Amyloid beta precursor like protein 1	1.0	0.999	17	22	22	22	22	22	22	3.1784732E7	
sp|P51884|LUM_HUMAN	P51884	LUM_HUMAN	LUM	338	Homo sapiens	1:Experimental evidence at protein level	Lumican	1.0	0.9988	6	6	6	6	6	6	6	6784535.5	
sp|P51888|PRELP_HUMAN	P51888	PRELP_HUMAN	PRELP	382	Homo sapiens	1:Experimental evidence at protein level	Prolargin	1.0	0.9989	2	2	2	2	2	2	2	455012.7	
sp|P54289|CA2D1_HUMAN	P54289	CA2D1_HUMAN	CACNA2D1	1103	Homo sapiens	1:Experimental evidence at protein level	Voltage-dependent calcium channel subunit alpha-2/delta-1	1.0	0.9985	3	3	3	3	3	3	3	1441572.9	
sp|P54764|EPHA4_HUMAN	P54764	EPHA4_HUMAN	EPHA4	986	Homo sapiens	1:Experimental evidence at protein level	Ephrin type-A receptor 4	1.0	0.9988	4	4	4	4	4	4	4	2987426.5	
sp|P55058|PLTP_HUMAN	P55058	PLTP_HUMAN	PLTP	493	Homo sapiens	1:Experimental evidence at protein level	Phospholipid transfer protein	1.0	0.999	9	11	11	11	11	11	11	8284376.0	
sp|P55083|MFAP4_HUMAN	P55083	MFAP4_HUMAN	MFAP4	255	Homo sapiens	1:Experimental evidence at protein level	Microfibril-associated glycoprotein 4	1.0	0.9989	2	3	3	3	3	3	3	3011497.5	
sp|P55283|CADH4_HUMAN	P55283	CADH4_HUMAN	CDH4	916	Homo sapiens	1:Experimental evidence at protein level	Cadherin-4	0.9559	0.9975	1	1	1	1	1	1	1	357708.47	
sp|P55290|CAD13_HUMAN	P55290	CAD13_HUMAN	CDH13	713	Homo sapiens	1:Experimental evidence at protein level	Cadherin-13	1.0	0.999	5	5	5	5	5	5	5	5231727.5	
sp|P60174|TPIS_HUMAN	P60174	TPIS_HUMAN	TPI1	249	Homo sapiens	1:Experimental evidence at protein level	Triosephosphate isomerase	1.0	0.9967	4	4	4	4	4	4	4	1949456.0	
sp|P60709|ACTB_HUMAN	P60709	ACTB_HUMAN	ACTB	375	Homo sapiens	1:Experimental evidence at protein level	Actin, cytoplasmic 1	1.0	0.999	10	8	0	10	8	0	10	1.0751335E7	sp|P63261|ACTG_HUMAN
sp|P61626|LYSC_HUMAN	P61626	LYSC_HUMAN	LYZ	148	Homo sapiens	1:Experimental evidence at protein level	Lysozyme C	1.0	0.999	4	4	4	4	4	4	4	7489486.0	
sp|P61769|B2MG_HUMAN	P61769	B2MG_HUMAN	B2M	119	Homo sapiens	1:Experimental evidence at protein level	Beta-2-microglobulin	1.0	0.999	4	6	6	6	6	6	6	2.39266176E8	
sp|P61916|NPC2_HUMAN	P61916	NPC2_HUMAN	NPC2	151	Homo sapiens	1:Experimental evidence at protein level	NPC intracellular cholesterol transporter 2	1.0	0.9988	5	5	5	5	5	5	5	1.1567386E7	
sp|P61970|NTF2_HUMAN	P61970	NTF2_HUMAN	NUTF2	127	Homo sapiens	1:Experimental evidence at protein level	Nuclear transport factor 2	0.3283	0.9015	1	1	1	1	1	1	1	231154.5	
sp|P62736|ACTA_HUMAN	P62736	ACTA_HUMAN	ACTA2	377	Homo sapiens	1:Experimental evidence at protein level	Actin, aortic smooth muscle	0.9997	0.997	8	3	0	8	3	0	8	3726155.2	sp|P63267|ACTH_HUMAN, sp|P68032|ACTC_HUMAN, sp|P68133|ACTS_HUMAN
sp|P62805|H4_HUMAN	P62805	H4_HUMAN	H4C1	103	Homo sapiens	1:Experimental evidence at protein level	Histone H4	1.0	0.9989	4	4	4	4	4	4	4	6989621.0	
sp|P62937|PPIA_HUMAN	P62937	PPIA_HUMAN	PPIA	165	Homo sapiens	1:Experimental evidence at protein level	Peptidyl-prolyl cis-trans isomerase A	1.0	0.9986	2	2	2	2	2	2	2	1577074.2	
sp|P63104|1433Z_HUMAN	P63104	1433Z_HUMAN	YWHAZ	245	Homo sapiens	1:Experimental evidence at protein level	14-3-3 protein zeta/delta	1.0	0.9989	2	2	2	2	2	2	2	908323.7	
sp|P68104|EF1A1_HUMAN	P68104	EF1A1_HUMAN	EEF1A1	462	Homo sapiens	1:Experimental evidence at protein level	Elongation factor 1-alpha 1	1.0	0.9987	5	5	0	5	5	0	5	4846585.5	sp|Q5VTE0|EF1A3_HUMAN
sp|P68363|TBA1B_HUMAN	P68363	TBA1B_HUMAN	TUBA1B	451	Homo sapiens	1:Experimental evidence at protein level	Tubulin alpha-1B chain	1.0	0.9971	2	2	0	2	2	0	2	679710.0	sp|Q71U36|TBA1A_HUMAN, sp|Q9BQE3|TBA1C_HUMAN
sp|P68431|H31_HUMAN	P68431	H31_HUMAN	H3C1	136	Homo sapiens	1:Experimental evidence at protein level	Histone H3.1	1.0	0.9786	3	3	0	3	3	0	3	7023914.5	sp|P84243|H33_HUMAN, sp|Q16695|H31T_HUMAN, sp|Q71DI3|H32_HUMAN
sp|P68871|HBB_HUMAN	P68871	HBB_HUMAN	HBB	147	Homo sapiens	1:Experimental evidence at protein level	Hemoglobin subunit beta	1.0	0.999	4	4	1	4	4	1	4	8294864.5	
sp|P69905|HBA_HUMAN	P69905	HBA_HUMAN	HBA2	142	Homo sapiens	1:Experimental evidence at protein level	Hemoglobin subunit alpha	1.0	0.9858	2	2	2	2	2	2	2	1568407.1	
sp|P78324|SHPS1_HUMAN	P78324	SHPS1_HUMAN	SIRPA	504	Homo sapiens	1:Experimental evidence at protein level	Tyrosine-protein phosphatase non-receptor type substrate 1	1.0	0.9986	4	4	1	4	4	1	4	5265247.5	
sp|P78509|RELN_HUMAN	P78509	RELN_HUMAN	RELN	3460	Homo sapiens	1:Experimental evidence at protein level	Reelin	1.0	0.9953	5	5	5	5	5	5	5	1406657.9	
sp|P98160|PGBM_HUMAN	P98160	PGBM_HUMAN	HSPG2	4391	Homo sapiens	1:Experimental evidence at protein level	Basement membrane-specific heparan sulfate proteoglycan core protein	1.0	0.999	6	6	6	6	6	6	6	3141981.0	
sp|Q00839|HNRPU_HUMAN	Q00839	HNRPU_HUMAN	HNRNPU	825	Homo sapiens	1:Experimental evidence at protein level	Heterogeneous nuclear ribonucleoprotein U	0.7631	0.9837	1	1	1	1	1	1	1	8371791.0	
sp|Q01459|DIAC_HUMAN	Q01459	DIAC_HUMAN	CTBS	385	Homo sapiens	1:Experimental evidence at protein level	Di-N-acetylchitobiase	1.0	0.997	2	2	2	2	2	2	2	742134.4	
sp|Q02246|CNTN2_HUMAN	Q02246	CNTN2_HUMAN	CNTN2	1040	Homo sapiens	1:Experimental evidence at protein level	Contactin-2	1.0	0.999	13	13	13	13	13	13	13	3309227.0	
sp|Q02818|NUCB1_HUMAN	Q02818	NUCB1_HUMAN	NUCB1	461	Homo sapiens	1:Experimental evidence at protein level	Nucleobindin-1	1.0	0.999	2	2	2	2	2	2	2	3177155.5	
sp|Q06481|APLP2_HUMAN	Q06481	APLP2_HUMAN	APLP2	763	Homo sapiens	1:Experimental evidence at protein level	Amyloid beta precursor like protein 2	1.0	0.9958	7	6	6	8	6	6	8	7087439.0	
sp|Q06828|FMOD_HUMAN	Q06828	FMOD_HUMAN	FMOD	376	Homo sapiens	1:Experimental evidence at protein level	Fibromodulin	0.8955	0.9938	1	1	1	1	1	1	1	1037535.94	
sp|Q06830|PRDX1_HUMAN	Q06830	PRDX1_HUMAN	PRDX1	199	Homo sapiens	1:Experimental evidence at protein level	Peroxiredoxin-1	1.0	0.9987	5	5	3	5	5	3	5	1890930.5	
sp|Q08380|LG3BP_HUMAN	Q08380	LG3BP_HUMAN	LGALS3BP	585	Homo sapiens	1:Experimental evidence at protein level	Galectin-3-binding protein	1.0	0.999	9	9	9	9	9	9	9	1.1684371E7	
sp|Q08629|TICN1_HUMAN	Q08629	TICN1_HUMAN	SPOCK1	439	Homo sapiens	1:Experimental evidence at protein level	Testican-1	0.5042	0.9501	1	1	1	1	1	1	1	421984.62	
sp|Q12805|FBLN3_HUMAN	Q12805	FBLN3_HUMAN	EFEMP1	493	Homo sapiens	1:Experimental evidence at protein level	EGF-containing fibulin-like extracellular matrix protein 1	1.0	0.999	6	8	8	8	8	8	8	1.7381952E7	
sp|Q12841|FSTL1_HUMAN	Q12841	FSTL1_HUMAN	FSTL1	308	Homo sapiens	1:Experimental evidence at protein level	Follistatin-related protein 1	1.0	0.9972	2	2	2	2	2	2	2	1108500.6	
sp|Q12860|CNTN1_HUMAN	Q12860	CNTN1_HUMAN	CNTN1	1018	Homo sapiens	1:Experimental evidence at protein level	Contactin-1	1.0	0.999	28	32	32	32	32	32	32	1.4057646E7	
sp|Q12907|LMAN2_HUMAN	Q12907	LMAN2_HUMAN	LMAN2	356	Homo sapiens	1:Experimental evidence at protein level	Vesicular integral-membrane protein VIP36	1.0	0.9988	6	6	6	6	6	6	6	3279718.5	
sp|Q13228|SBP1_HUMAN	Q13228	SBP1_HUMAN	SELENBP1	472	Homo sapiens	1:Experimental evidence at protein level	Methanethiol oxidase	0.9999	0.985	2	2	2	2	2	2	2	651918.0	
sp|Q13332|PTPRS_HUMAN	Q13332	PTPRS_HUMAN	PTPRS	1948	Homo sapiens	1:Experimental evidence at protein level	Receptor-type tyrosine-protein phosphatase S	1.0	0.9988	2	2	2	2	2	2	2	1230616.5	
sp|Q13449|LSAMP_HUMAN	Q13449	LSAMP_HUMAN	LSAMP	338	Homo sapiens	1:Experimental evidence at protein level	Limbic system-associated membrane protein	1.0	0.999	7	7	7	7	7	7	7	1.2880833E7	
sp|Q13508|NAR3_HUMAN	Q13508	NAR3_HUMAN	ART3	389	Homo sapiens	1:Experimental evidence at protein level	Ecto-ADP-ribosyltransferase 3	0.9775	0.9662	1	1	1	1	1	1	1	581432.1	
sp|Q13740|CD166_HUMAN	Q13740	CD166_HUMAN	ALCAM	583	Homo sapiens	1:Experimental evidence at protein level	CD166 antigen	1.0	0.9986	4	4	4	4	4	4	4	2857402.0	
sp|Q13822|ENPP2_HUMAN	Q13822	ENPP2_HUMAN	ENPP2	863	Homo sapiens	1:Experimental evidence at protein level	Autotaxin	1.0	0.999	16	20	20	20	20	20	20	3.755284E7	
sp|Q14118|DAG1_HUMAN	Q14118	DAG1_HUMAN	DAG1	895	Homo sapiens	1:Experimental evidence at protein level	Dystroglycan 1	1.0	0.999	7	7	7	7	7	7	7	6829088.5	
sp|Q14515|SPRL1_HUMAN	Q14515	SPRL1_HUMAN	SPARCL1	664	Homo sapiens	1:Experimental evidence at protein level	SPARC-like protein 1	1.0	0.9988	14	15	15	15	15	15	15	1.4145112E7	
sp|Q14624|ITIH4_HUMAN	Q14624	ITIH4_HUMAN	ITIH4	930	Homo sapiens	1:Experimental evidence at protein level	Inter-alpha-trypsin inhibitor heavy chain H4	1.0	0.999	16	16	16	16	16	16	16	5330521.0	
sp|Q14982|OPCM_HUMAN	Q14982	OPCM_HUMAN	OPCML	345	Homo sapiens	1:Experimental evidence at protein level	Opioid-binding protein/cell adhesion molecule	0.9993	0.9968	4	1	1	4	1	1	4	706131.3	
sp|Q15113|PCOC1_HUMAN	Q15113	PCOC1_HUMAN	PCOLCE	449	Homo sapiens	1:Experimental evidence at protein level	Procollagen C-endopeptidase enhancer 1	1.0	0.999	3	3	3	3	3	3	3	5810479.5	
sp|Q15223|NECT1_HUMAN	Q15223	NECT1_HUMAN	NECTIN1	517	Homo sapiens	1:Experimental evidence at protein level	Nectin-1	0.8627	0.9916	1	1	1	1	1	1	1	267614.8	
sp|Q15582|BGH3_HUMAN	Q15582	BGH3_HUMAN	TGFBI	683	Homo sapiens	1:Experimental evidence at protein level	Transforming growth factor-beta-induced protein ig-h3	1.0	0.9981	2	2	2	2	2	2	2	1789450.2	
sp|Q15818|NPTX1_HUMAN	Q15818	NPTX1_HUMAN	NPTX1	432	Homo sapiens	1:Experimental evidence at protein level	Neuronal pentraxin-1	1.0	0.999	5	5	5	5	5	5	5	3300641.8	
sp|Q15904|VAS1_HUMAN	Q15904	VAS1_HUMAN	ATP6AP1	470	Homo sapiens	1:Experimental evidence at protein level	V-type proton ATPase subunit S1	1.0	0.9988	4	4	4	4	4	4	4	2619396.5	
sp|Q16270|IBP7_HUMAN	Q16270	IBP7_HUMAN	IGFBP7	282	Homo sapiens	1:Experimental evidence at protein level	Insulin-like growth factor-binding protein 7	1.0	0.999	3	4	4	4	4	4	4	1.8282298E7	
sp|Q16610|ECM1_HUMAN	Q16610	ECM1_HUMAN	ECM1	540	Homo sapiens	1:Experimental evidence at protein level	Extracellular matrix protein 1	1.0	0.9981	5	5	5	5	5	5	5	4140107.5	
sp|Q5KU26|COL12_HUMAN	Q5KU26	COL12_HUMAN	COLEC12	742	Homo sapiens	1:Experimental evidence at protein level	Collectin-12	0.8011	0.9869	1	1	1	1	1	1	1	482578.44	
sp|Q5T848|MGLYR_HUMAN	Q5T848	MGLYR_HUMAN	GPR158	1215	Homo sapiens	1:Experimental evidence at protein level	Metabotropic glycine receptor	0.9732	0.9985	1	1	1	1	1	1	1	648758.7	
sp|Q6NW40|RGMB_HUMAN	Q6NW40	RGMB_HUMAN	RGMB	437	Homo sapiens	1:Experimental evidence at protein level	Repulsive guidance molecule B	0.6861	0.9762	1	1	1	1	1	1	1	252366.67	
sp|Q6UX71|PXDC2_HUMAN	Q6UX71	PXDC2_HUMAN	PLXDC2	529	Homo sapiens	1:Experimental evidence at protein level	Plexin domain-containing protein 2	1.0	0.9988	3	3	3	3	3	3	3	1621037.4	
sp|Q6UX73|CP089_HUMAN	Q6UX73	CP089_HUMAN	C16orf89	402	Homo sapiens	1:Experimental evidence at protein level	UPF0764 protein C16orf89	1.0	0.9989	5	5	5	5	5	5	5	1968554.0	
sp|Q6ZN30|BNC2_HUMAN	Q6ZN30	BNC2_HUMAN	BNC2	1099	Homo sapiens	1:Experimental evidence at protein level	Zinc finger protein basonuclin-2	0.4141	0.9298	1	1	1	1	1	1	1	2380162.0	
sp|Q6ZQQ6|WDR87_HUMAN	Q6ZQQ6	WDR87_HUMAN	WDR87	2873	Homo sapiens	1:Experimental evidence at protein level	WD repeat-containing protein 87	0.4477	0.9382	1	1	1	1	1	1	1	5.5365908E7	
sp|Q7Z3B1|NEGR1_HUMAN	Q7Z3B1	NEGR1_HUMAN	NEGR1	354	Homo sapiens	1:Experimental evidence at protein level	Neuronal growth regulator 1	1.0	0.9985	2	2	2	2	2	2	2	3044150.5	
sp|Q7Z7M0|MEGF8_HUMAN	Q7Z7M0	MEGF8_HUMAN	MEGF8	2845	Homo sapiens	1:Experimental evidence at protein level	Multiple epidermal growth factor-like domains protein 8	1.0	0.9984	3	3	3	3	3	3	3	549424.75	
sp|Q86SM8|MRGRE_HUMAN	Q86SM8	MRGRE_HUMAN	MRGPRE	312	Homo sapiens	2:Experimental evidence at transcript level	Mas-related G-protein coupled receptor member E	0.3739	0.918	1	1	1	1	1	1	1	0.0	
sp|Q86UN3|R4RL2_HUMAN	Q86UN3	R4RL2_HUMAN	RTN4RL2	420	Homo sapiens	1:Experimental evidence at protein level	Reticulon-4 receptor-like 2	0.5392	0.9564	1	1	1	1	1	1	1	408858.34	
sp|Q86UX2|ITIH5_HUMAN	Q86UX2	ITIH5_HUMAN	ITIH5	942	Homo sapiens	1:Experimental evidence at protein level	Inter-alpha-trypsin inhibitor heavy chain H5	0.6308	0.9697	1	1	1	1	1	1	1	430238.4	
sp|Q8IV08|PLD3_HUMAN	Q8IV08	PLD3_HUMAN	PLD3	490	Homo sapiens	1:Experimental evidence at protein level	5'-3' exonuclease PLD3	0.8171	0.9882	1	1	1	1	1	1	1	300207.78	
sp|Q8IWU5|SULF2_HUMAN	Q8IWU5	SULF2_HUMAN	SULF2	870	Homo sapiens	1:Experimental evidence at protein level	Extracellular sulfatase Sulf-2	1.0	0.999	2	2	2	2	2	2	2	2581853.5	
sp|Q8N126|CADM3_HUMAN	Q8N126	CADM3_HUMAN	CADM3	398	Homo sapiens	1:Experimental evidence at protein level	Cell adhesion molecule 3	1.0	0.999	3	3	3	3	3	3	3	7822295.0	
sp|Q8N841|TTLL6_HUMAN	Q8N841	TTLL6_HUMAN	TTLL6	891	Homo sapiens	1:Experimental evidence at protein level	Tubulin polyglutamylase TTLL6	0.4253	0.9327	1	1	1	1	1	1	1	315886.47	
sp|Q8NBJ4|GOLM1_HUMAN	Q8NBJ4	GOLM1_HUMAN	GOLM1	401	Homo sapiens	1:Experimental evidence at protein level	Golgi membrane protein 1	0.9348	0.9963	1	1	1	1	1	1	1	745318.9	
sp|Q8NFZ8|CADM4_HUMAN	Q8NFZ8	CADM4_HUMAN	CADM4	388	Homo sapiens	1:Experimental evidence at protein level	Cell adhesion molecule 4	1.0	0.9987	3	3	3	3	3	3	3	3835263.8	
sp|Q8TAG5|VTM2A_HUMAN	Q8TAG5	VTM2A_HUMAN	VSTM2A	236	Homo sapiens	1:Experimental evidence at protein level	V-set and transmembrane domain-containing protein 2A	1.0	0.999	2	3	3	3	3	3	3	3292478.0	
sp|Q8TCZ2|C99L2_HUMAN	Q8TCZ2	C99L2_HUMAN	CD99L2	262	Homo sapiens	1:Experimental evidence at protein level	CD99 antigen-like protein 2	0.9816	0.999	1	1	1	1	1	1	1	2636805.5	
sp|Q8TEU8|WFKN2_HUMAN	Q8TEU8	WFKN2_HUMAN	WFIKKN2	576	Homo sapiens	1:Experimental evidence at protein level	WAP, Kazal, immunoglobulin, Kunitz and NTR domain-containing protein 2	1.0	0.9982	3	3	3	3	3	3	3	1648568.2	
sp|Q8TF72|SHRM3_HUMAN	Q8TF72	SHRM3_HUMAN	SHROOM3	1996	Homo sapiens	1:Experimental evidence at protein level	Protein Shroom3	0.3943	0.9242	1	1	1	1	1	1	1	2.04785536E8	
sp|Q8WXD2|SCG3_HUMAN	Q8WXD2	SCG3_HUMAN	SCG3	468	Homo sapiens	1:Experimental evidence at protein level	Secretogranin-3	1.0	0.9989	16	17	17	17	17	17	17	1.0365026E7	
sp|Q92520|FAM3C_HUMAN	Q92520	FAM3C_HUMAN	FAM3C	227	Homo sapiens	1:Experimental evidence at protein level	Protein FAM3C	1.0	0.999	8	10	10	10	10	10	10	1.2697869E7	
sp|Q92823|NRCAM_HUMAN	Q92823	NRCAM_HUMAN	NRCAM	1304	Homo sapiens	1:Experimental evidence at protein level	Neuronal cell adhesion molecule	1.0	0.999	21	25	25	25	25	25	25	1.4014664E7	
sp|Q92859|NEO1_HUMAN	Q92859	NEO1_HUMAN	NEO1	1461	Homo sapiens	1:Experimental evidence at protein level	Neogenin	1.0	0.999	8	8	8	8	8	8	8	1574316.1	
sp|Q92876|KLK6_HUMAN	Q92876	KLK6_HUMAN	KLK6	244	Homo sapiens	1:Experimental evidence at protein level	Kallikrein-6	1.0	0.999	5	6	6	6	6	6	6	4.9604464E7	
sp|Q969P0|IGSF8_HUMAN	Q969P0	IGSF8_HUMAN	IGSF8	613	Homo sapiens	1:Experimental evidence at protein level	Immunoglobulin superfamily member 8	0.3834	0.921	1	1	1	1	1	1	1	0.0	
sp|Q96GW7|PGCB_HUMAN	Q96GW7	PGCB_HUMAN	BCAN	911	Homo sapiens	1:Experimental evidence at protein level	Brevican core protein	1.0	0.9967	6	6	6	6	6	6	6	1.0263219E7	
sp|Q96ID5|IGS21_HUMAN	Q96ID5	IGS21_HUMAN	IGSF21	467	Homo sapiens	1:Experimental evidence at protein level	Immunoglobulin superfamily member 21	0.9428	0.9968	1	1	1	1	1	1	1	415178.78	
sp|Q96IY4|CBPB2_HUMAN	Q96IY4	CBPB2_HUMAN	CPB2	423	Homo sapiens	1:Experimental evidence at protein level	Carboxypeptidase B2	0.9155	0.9951	1	1	1	1	1	1	1	368551.72	
sp|Q96KN2|CNDP1_HUMAN	Q96KN2	CNDP1_HUMAN	CNDP1	507	Homo sapiens	1:Experimental evidence at protein level	Beta-Ala-His dipeptidase	1.0	0.999	17	24	24	24	24	24	24	3.837004E7	
sp|Q96PD5|PGRP2_HUMAN	Q96PD5	PGRP2_HUMAN	PGLYRP2	576	Homo sapiens	1:Experimental evidence at protein level	N-acetylmuramoyl-L-alanine amidase	1.0	0.999	6	6	6	6	6	6	6	3847315.0	
sp|Q96PX8|SLIK1_HUMAN	Q96PX8	SLIK1_HUMAN	SLITRK1	696	Homo sapiens	1:Experimental evidence at protein level	SLIT and NTRK-like protein 1	0.4431	0.9371	1	1	1	1	1	1	1	340115.12	
sp|Q96S96|PEBP4_HUMAN	Q96S96	PEBP4_HUMAN	PEBP4	227	Homo sapiens	1:Experimental evidence at protein level	Phosphatidylethanolamine-binding protein 4	1.0	0.9987	4	5	5	5	5	5	5	4045704.5	
sp|Q99435|NELL2_HUMAN	Q99435	NELL2_HUMAN	NELL2	816	Homo sapiens	1:Experimental evidence at protein level	Protein kinase C-binding protein NELL2	1.0	0.999	7	7	7	7	7	7	7	7491308.0	
sp|Q99459|CDC5L_HUMAN	Q99459	CDC5L_HUMAN	CDC5L	802	Homo sapiens	1:Experimental evidence at protein level	Cell division cycle 5-like protein	0.4959	0.9485	1	1	1	1	1	1	1	5117956.5	
sp|Q99674|CGRE1_HUMAN	Q99674	CGRE1_HUMAN	CGREF1	318	Homo sapiens	1:Experimental evidence at protein level	Cell growth regulator with EF hand domain protein 1	0.9584	0.9977	1	1	1	1	1	1	1	436800.94	
sp|Q99969|RARR2_HUMAN	Q99969	RARR2_HUMAN	RARRES2	163	Homo sapiens	1:Experimental evidence at protein level	Retinoic acid receptor responder protein 2	1.0	0.9987	1	2	2	2	2	2	2	1110040.5	
sp|Q9BQ16|TICN3_HUMAN	Q9BQ16	TICN3_HUMAN	SPOCK3	436	Homo sapiens	1:Experimental evidence at protein level	Testican-3	0.7144	0.9791	1	1	1	1	1	1	1	406454.16	
sp|Q9BQT9|CSTN3_HUMAN	Q9BQT9	CSTN3_HUMAN	CLSTN3	956	Homo sapiens	1:Experimental evidence at protein level	Calsyntenin-3	1.0	0.999	1	2	2	2	2	2	2	2667891.5	
sp|Q9BRK5|CAB45_HUMAN	Q9BRK5	CAB45_HUMAN	SDF4	362	Homo sapiens	1:Experimental evidence at protein level	45 kDa calcium-binding protein	0.9695	0.9983	1	1	1	1	1	1	1	792892.9	
sp|Q9BY67|CADM1_HUMAN	Q9BY67	CADM1_HUMAN	CADM1	442	Homo sapiens	1:Experimental evidence at protein level	Cell adhesion molecule 1	1.0	0.9902	1	2	2	2	2	2	2	1245327.8	
sp|Q9BYH1|SE6L1_HUMAN	Q9BYH1	SE6L1_HUMAN	SEZ6L	1024	Homo sapiens	1:Experimental evidence at protein level	Seizure 6-like protein	1.0	0.9967	2	2	2	2	2	2	2	1387862.8	
sp|Q9C0A0|CNTP4_HUMAN	Q9C0A0	CNTP4_HUMAN	CNTNAP4	1308	Homo sapiens	1:Experimental evidence at protein level	Contactin-associated protein-like 4	0.9999	0.9727	2	2	1	2	2	1	2	640986.5	
sp|Q9GZM5|YIPF3_HUMAN	Q9GZM5	YIPF3_HUMAN	YIPF3	350	Homo sapiens	1:Experimental evidence at protein level	Protein YIPF3	0.9233	0.9956	1	1	1	1	1	1	1	1334114.8	
sp|Q9H1Z8|AUGN_HUMAN	Q9H1Z8	AUGN_HUMAN	ECRG4	148	Homo sapiens	1:Experimental evidence at protein level	Augurin	0.3735	0.9178	1	1	1	1	1	1	1	3688579.2	
sp|Q9H3G5|CPVL_HUMAN	Q9H3G5	CPVL_HUMAN	CPVL	476	Homo sapiens	1:Experimental evidence at protein level	Probable serine carboxypeptidase CPVL	0.8188	0.9883	1	1	1	1	1	1	1	387294.6	
sp|Q9NPD7|NRN1_HUMAN	Q9NPD7	NRN1_HUMAN	NRN1	142	Homo sapiens	1:Experimental evidence at protein level	Neuritin	0.9998	0.9519	1	2	2	2	2	2	2	642045.7	
sp|Q9NQ79|CRAC1_HUMAN	Q9NQ79	CRAC1_HUMAN	CRTAC1	661	Homo sapiens	1:Experimental evidence at protein level	Cartilage acidic protein 1	1.0	0.9986	9	9	9	9	9	9	9	4010020.0	
sp|Q9NQX5|NPDC1_HUMAN	Q9NQX5	NPDC1_HUMAN	NPDC1	325	Homo sapiens	1:Experimental evidence at protein level	Neural proliferation differentiation and control protein 1	0.9808	0.999	1	1	1	1	1	1	1	786583.1	
sp|Q9NS98|SEM3G_HUMAN	Q9NS98	SEM3G_HUMAN	SEMA3G	782	Homo sapiens	1:Experimental evidence at protein level	Semaphorin-3G	0.4245	0.9325	1	1	1	1	1	1	1	300746.56	
sp|Q9NT99|LRC4B_HUMAN	Q9NT99	LRC4B_HUMAN	LRRC4B	713	Homo sapiens	1:Experimental evidence at protein level	Leucine-rich repeat-containing protein 4B	1.0	0.9954	2	2	2	2	2	2	2	720681.75	
sp|Q9NYQ8|FAT2_HUMAN	Q9NYQ8	FAT2_HUMAN	FAT2	4349	Homo sapiens	1:Experimental evidence at protein level	Protocadherin Fat 2	0.8076	0.9874	1	1	1	1	1	1	1	173463.86	
sp|Q9P0K1|ADA22_HUMAN	Q9P0K1	ADA22_HUMAN	ADAM22	906	Homo sapiens	1:Experimental evidence at protein level	Disintegrin and metalloproteinase domain-containing protein 22	0.5867	0.9638	1	1	1	1	1	1	1	1505958.5	
sp|Q9P121|NTRI_HUMAN	Q9P121	NTRI_HUMAN	NTM	344	Homo sapiens	1:Experimental evidence at protein level	Neurotrimin	1.0	0.999	6	6	3	6	6	3	6	8173255.0	
sp|Q9P2S2|NRX2A_HUMAN	Q9P2S2	NRX2A_HUMAN	NRXN2	1712	Homo sapiens	1:Experimental evidence at protein level	Neurexin-2	1.0	0.999	3	3	2	3	3	2	3	2421958.5	
sp|Q9UBP4|DKK3_HUMAN	Q9UBP4	DKK3_HUMAN	DKK3	350	Homo sapiens	1:Experimental evidence at protein level	Dickkopf-related protein 3	1.0	0.999	6	9	9	9	9	9	9	3.8931072E7	
sp|Q9UBQ6|EXTL2_HUMAN	Q9UBQ6	EXTL2_HUMAN	EXTL2	330	Homo sapiens	1:Experimental evidence at protein level	Exostosin-like 2	0.9999	0.9683	2	2	2	2	2	2	2	1000052.5	
sp|Q9UBR2|CATZ_HUMAN	Q9UBR2	CATZ_HUMAN	CTSZ	303	Homo sapiens	1:Experimental evidence at protein level	Cathepsin Z	1.0	0.9977	2	2	2	2	2	2	2	1166470.0	
sp|Q9UBX5|FBLN5_HUMAN	Q9UBX5	FBLN5_HUMAN	FBLN5	448	Homo sapiens	1:Experimental evidence at protein level	Fibulin-5	1.0	0.9953	2	2	2	2	2	2	2	1514976.0	
sp|Q9UHG2|PCS1N_HUMAN	Q9UHG2	PCS1N_HUMAN	PCSK1N	260	Homo sapiens	1:Experimental evidence at protein level	ProSAAS	1.0	0.999	5	5	5	5	5	5	5	9989616.0	
sp|Q9UL62|TRPC5_HUMAN	Q9UL62	TRPC5_HUMAN	TRPC5	973	Homo sapiens	1:Experimental evidence at protein level	Short transient receptor potential channel 5	0.8354	0.9896	1	1	1	1	1	1	1	4.67651392E8	
sp|Q9ULB1|NRX1A_HUMAN	Q9ULB1	NRX1A_HUMAN	NRXN1	1477	Homo sapiens	1:Experimental evidence at protein level	Neurexin-1	1.0	0.9988	6	6	3	6	6	3	6	6537804.0	
sp|Q9Y279|VSIG4_HUMAN	Q9Y279	VSIG4_HUMAN	VSIG4	399	Homo sapiens	1:Experimental evidence at protein level	V-set and immunoglobulin domain-containing protein 4	0.6201	0.9683	1	1	1	1	1	1	1	342706.1	
sp|Q9Y4C0|NRX3A_HUMAN	Q9Y4C0	NRX3A_HUMAN	NRXN3	1643	Homo sapiens	1:Experimental evidence at protein level	Neurexin-3	1.0	0.999	5	4	2	5	4	2	5	2091848.0	
sp|Q9Y5Y7|LYVE1_HUMAN	Q9Y5Y7	LYVE1_HUMAN	LYVE1	322	Homo sapiens	1:Experimental evidence at protein level	Lymphatic vessel endothelial hyaluronic acid receptor 1	0.6926	0.9769	1	1	1	1	1	1	1	380757.53	
sp|Q9Y623|MYH4_HUMAN	Q9Y623	MYH4_HUMAN	MYH4	1939	Homo sapiens	1:Experimental evidence at protein level	Myosin-4	0.947	0.997	1	1	1	1	1	1	1	886341.5	
sp|Q9Y646|CBPQ_HUMAN	Q9Y646	CBPQ_HUMAN	CPQ	472	Homo sapiens	1:Experimental evidence at protein level	Carboxypeptidase Q	1.0	0.9984	5	5	5	5	5	5	5	1617142.8	
sp|Q9Y6R7|FCGBP_HUMAN	Q9Y6R7	FCGBP_HUMAN	FCGBP	5405	Homo sapiens	1:Experimental evidence at protein level	IgGFc-binding protein	0.7933	0.9863	1	1	1	1	1	1	1	338165.78	
